lorenz_rank,region,region_code,region_ar,population_2025,monthly_digital_transactions,digital_txn_per_1k_pop,population_share,digital_txn_share,cum_population_share_start,cum_population_share,cum_digital_txn_share_start,cum_digital_txn_share,equality_reference,gap_to_equality,gini_segment_area,gini_coefficient
1,Jazan,JZN,منطقة جازان,1720000,309528,180.0,0.04851904,0.03874628,0.0,0.04851904,0.0,0.03874628,0.04851904,0.00977276,0.00093997,0.0372
2,Najran,NJR,منطقة نجران,660000,121463,184.0,0.01861777,0.01520457,0.04851904,0.06713681,0.03874628,0.05395085,0.06713681,0.01318596,0.00086291,0.0372
3,Al-Baha,BAH,منطقة الباحة,500000,97087,194.2,0.01410437,0.01215321,0.06713681,0.08124118,0.05395085,0.06610406,0.08124118,0.01513712,0.00084665,0.0372
4,Asir,ASR,منطقة عسير,2310000,489863,212.1,0.0651622,0.06132036,0.08124118,0.14640339,0.06610406,0.12742443,0.14640339,0.01897896,0.00630537,0.0372
5,Madinah,MAD,منطقة المدينة المنورة,2290000,495518,216.4,0.06459803,0.06202825,0.14640339,0.21100141,0.12742443,0.18945268,0.21100141,0.02154873,0.01023482,0.0372
6,Makkah,MAK,منطقة مكة المكرمة,9230000,2036556,220.6,0.26036671,0.25493323,0.21100141,0.47136812,0.18945268,0.4443859,0.47136812,0.02698222,0.08251523,0.0372
7,Northern Borders,NBR,منطقة الحدود الشمالية,400000,88651,221.6,0.0112835,0.01109721,0.47136812,0.48265162,0.4443859,0.45548311,0.48265162,0.02716851,0.00507684,0.0372
8,Al-Jouf,JOF,منطقة الجوف,560000,124477,222.3,0.0157969,0.01558186,0.48265162,0.49844852,0.45548311,0.47106497,0.49844852,0.02738355,0.00731829,0.0372
9,Qassim,QSM,منطقة القصيم,1520000,344768,226.8,0.04287729,0.04315758,0.49844852,0.54132581,0.47106497,0.51422254,0.54132581,0.02710327,0.02112323,0.0372
10,Hail,HAL,منطقة حائل,760000,173014,227.6,0.02143865,0.02165765,0.54132581,0.56276446,0.51422254,0.53588019,0.56276446,0.02688426,0.01125639,0.0372
11,Tabuk,TBK,منطقة تبوك,1040000,238241,229.1,0.02933709,0.02982267,0.56276446,0.59210155,0.53588019,0.56570287,0.59210155,0.02639868,0.01615862,0.0372
12,Eastern Province,EAS,المنطقة الشرقية,5410000,1275918,235.8,0.15260931,0.15971763,0.59210155,0.74471086,0.56570287,0.72542049,0.74471086,0.01929037,0.09851872,0.0372
13,Riyadh,RIY,منطقة الرياض,9050000,2193502,242.4,0.25528914,0.27457951,0.74471086,1.0,0.72542049,1.0,1.0,0.0,0.22024056,0.0372
