city,hour_ts,temp_c,condition,visibility_km
DMM,2026-05-31 21:00:00,34.1,dust,3.0
JED,2026-05-31 21:00:00,26.2,cloudy,10.0
RUH,2026-05-31 21:00:00,30.5,cloudy,9.5
DMM,2026-05-31 22:00:00,32.9,dust,2.1
JED,2026-05-31 22:00:00,25.1,cloudy,10.0
RUH,2026-05-31 22:00:00,29.2,cloudy,9.7
DMM,2026-05-31 23:00:00,32.1,dust,3.1
JED,2026-05-31 23:00:00,24.4,cloudy,8.7
RUH,2026-05-31 23:00:00,28.4,cloudy,9.7
DMM,2026-06-01 00:00:00,31.9,dust,2.0
JED,2026-06-01 00:00:00,24.1,cloudy,10.0
RUH,2026-06-01 00:00:00,28.2,cloudy,10.0
DMM,2026-06-01 01:00:00,32.1,dust,3.1
JED,2026-06-01 01:00:00,24.4,cloudy,8.5
RUH,2026-06-01 01:00:00,28.4,cloudy,10.0
DMM,2026-06-01 02:00:00,31.4,clear,10.0
JED,2026-06-01 02:00:00,25.1,cloudy,9.4
RUH,2026-06-01 02:00:00,29.2,cloudy,9.3
DMM,2026-06-01 03:00:00,32.6,clear,10.0
JED,2026-06-01 03:00:00,26.2,cloudy,9.8
RUH,2026-06-01 03:00:00,30.5,clear,10.0
DMM,2026-06-01 04:00:00,34.1,clear,10.0
JED,2026-06-01 04:00:00,24.1,rain,5.0
RUH,2026-06-01 04:00:00,32.1,clear,10.0
DMM,2026-06-01 05:00:00,35.9,clear,9.0
JED,2026-06-01 05:00:00,25.8,rain,4.2
RUH,2026-06-01 05:00:00,34.0,clear,10.0
DMM,2026-06-01 06:00:00,37.8,clear,9.6
JED,2026-06-01 06:00:00,27.6,rain,4.0
RUH,2026-06-01 06:00:00,36.0,clear,10.0
DMM,2026-06-01 07:00:00,39.8,clear,7.6
JED,2026-06-01 07:00:00,29.4,rain,4.7
RUH,2026-06-01 07:00:00,38.1,clear,8.9
DMM,2026-06-01 08:00:00,41.6,clear,10.0
JED,2026-06-01 08:00:00,34.6,clear,9.3
RUH,2026-06-01 08:00:00,40.0,clear,10.0
DMM,2026-06-01 09:00:00,43.1,cloudy,10.0
JED,2026-06-01 09:00:00,36.1,clear,7.9
RUH,2026-06-01 09:00:00,41.6,clear,9.2
DMM,2026-06-01 10:00:00,44.3,cloudy,8.3
JED,2026-06-01 10:00:00,37.2,clear,10.0
RUH,2026-06-01 10:00:00,42.8,clear,8.7
DMM,2026-06-01 11:00:00,45.1,cloudy,8.2
JED,2026-06-01 11:00:00,37.9,clear,10.0
RUH,2026-06-01 11:00:00,43.6,clear,9.5
DMM,2026-06-01 12:00:00,45.3,cloudy,7.8
JED,2026-06-01 12:00:00,38.1,clear,10.0
RUH,2026-06-01 12:00:00,43.9,clear,9.5
DMM,2026-06-01 13:00:00,45.1,cloudy,10.0
JED,2026-06-01 13:00:00,37.9,clear,10.0
RUH,2026-06-01 13:00:00,43.6,clear,10.0
DMM,2026-06-01 14:00:00,44.3,cloudy,7.8
JED,2026-06-01 14:00:00,37.2,clear,10.0
RUH,2026-06-01 14:00:00,42.8,clear,9.4
DMM,2026-06-01 15:00:00,43.1,cloudy,8.6
JED,2026-06-01 15:00:00,36.1,clear,8.8
RUH,2026-06-01 15:00:00,41.6,clear,8.1
DMM,2026-06-01 16:00:00,41.6,cloudy,8.7
JED,2026-06-01 16:00:00,34.6,clear,10.0
RUH,2026-06-01 16:00:00,40.0,clear,9.4
DMM,2026-06-01 17:00:00,39.8,cloudy,9.9
JED,2026-06-01 17:00:00,32.9,clear,10.0
RUH,2026-06-01 17:00:00,38.1,clear,9.6
DMM,2026-06-01 18:00:00,37.8,cloudy,10.0
JED,2026-06-01 18:00:00,31.1,clear,8.5
RUH,2026-06-01 18:00:00,36.0,clear,10.0
DMM,2026-06-01 19:00:00,35.9,cloudy,10.0
JED,2026-06-01 19:00:00,29.3,clear,10.0
RUH,2026-06-01 19:00:00,34.0,clear,8.9
DMM,2026-06-01 20:00:00,34.1,cloudy,9.0
JED,2026-06-01 20:00:00,27.6,clear,10.0
RUH,2026-06-01 20:00:00,32.1,clear,10.0
DMM,2026-06-01 21:00:00,31.4,cloudy,8.6
JED,2026-06-01 21:00:00,30.3,clear,9.3
RUH,2026-06-01 21:00:00,32.1,clear,9.3
DMM,2026-06-01 22:00:00,30.4,clear,8.7
JED,2026-06-01 22:00:00,29.1,clear,7.9
RUH,2026-06-01 22:00:00,30.9,clear,10.0
DMM,2026-06-01 23:00:00,29.7,clear,10.0
JED,2026-06-01 23:00:00,28.4,clear,8.6
RUH,2026-06-01 23:00:00,30.1,clear,8.7
DMM,2026-06-02 00:00:00,29.4,clear,10.0
JED,2026-06-02 00:00:00,28.1,clear,8.7
RUH,2026-06-02 00:00:00,29.8,clear,10.0
DMM,2026-06-02 01:00:00,29.7,clear,9.1
JED,2026-06-02 01:00:00,28.4,clear,9.8
RUH,2026-06-02 01:00:00,30.1,clear,7.7
DMM,2026-06-02 02:00:00,30.4,clear,8.5
JED,2026-06-02 02:00:00,29.1,clear,10.0
RUH,2026-06-02 02:00:00,30.9,clear,8.5
DMM,2026-06-02 03:00:00,31.4,clear,8.1
JED,2026-06-02 03:00:00,30.3,clear,10.0
RUH,2026-06-02 03:00:00,32.1,clear,10.0
DMM,2026-06-02 04:00:00,32.8,clear,8.9
JED,2026-06-02 04:00:00,31.9,clear,8.9
RUH,2026-06-02 04:00:00,33.7,clear,10.0
DMM,2026-06-02 05:00:00,34.5,clear,10.0
JED,2026-06-02 05:00:00,33.8,clear,10.0
RUH,2026-06-02 05:00:00,35.5,clear,8.5
DMM,2026-06-02 06:00:00,36.3,clear,8.0
JED,2026-06-02 06:00:00,35.7,clear,9.2
RUH,2026-06-02 06:00:00,39.0,dust,2.2
DMM,2026-06-02 07:00:00,39.5,dust,3.0
JED,2026-06-02 07:00:00,37.7,clear,8.7
RUH,2026-06-02 07:00:00,41.0,dust,3.1
DMM,2026-06-02 08:00:00,41.2,dust,2.6
JED,2026-06-02 08:00:00,39.6,clear,10.0
RUH,2026-06-02 08:00:00,42.8,dust,2.0
DMM,2026-06-02 09:00:00,42.6,dust,2.7
JED,2026-06-02 09:00:00,41.1,clear,8.2
RUH,2026-06-02 09:00:00,44.4,dust,2.9
DMM,2026-06-02 10:00:00,43.6,dust,2.9
JED,2026-06-02 10:00:00,42.4,clear,9.5
RUH,2026-06-02 10:00:00,45.6,dust,2.5
DMM,2026-06-02 11:00:00,44.3,dust,2.3
JED,2026-06-02 11:00:00,44.6,dust,3.1
RUH,2026-06-02 11:00:00,46.4,dust,2.9
DMM,2026-06-02 12:00:00,44.6,dust,3.1
JED,2026-06-02 12:00:00,44.9,dust,2.6
RUH,2026-06-02 12:00:00,46.7,dust,2.1
DMM,2026-06-02 13:00:00,44.3,dust,2.2
JED,2026-06-02 13:00:00,44.6,dust,2.9
RUH,2026-06-02 13:00:00,44.9,haze,7.3
DMM,2026-06-02 14:00:00,43.6,dust,2.5
JED,2026-06-02 14:00:00,43.9,dust,2.0
RUH,2026-06-02 14:00:00,44.1,haze,4.9
DMM,2026-06-02 15:00:00,42.6,dust,2.0
JED,2026-06-02 15:00:00,42.6,dust,2.3
RUH,2026-06-02 15:00:00,42.9,haze,5.9
DMM,2026-06-02 16:00:00,41.2,dust,2.7
JED,2026-06-02 16:00:00,41.1,dust,2.0
RUH,2026-06-02 16:00:00,41.3,haze,6.2
DMM,2026-06-02 17:00:00,38.0,clear,8.3
JED,2026-06-02 17:00:00,37.7,clear,10.0
RUH,2026-06-02 17:00:00,39.5,haze,7.2
DMM,2026-06-02 18:00:00,36.3,clear,10.0
JED,2026-06-02 18:00:00,35.7,clear,10.0
RUH,2026-06-02 18:00:00,37.5,haze,6.2
DMM,2026-06-02 19:00:00,34.5,clear,10.0
JED,2026-06-02 19:00:00,33.8,clear,10.0
RUH,2026-06-02 19:00:00,35.5,haze,5.0
DMM,2026-06-02 20:00:00,32.8,clear,10.0
JED,2026-06-02 20:00:00,31.9,clear,8.5
RUH,2026-06-02 20:00:00,33.7,haze,7.3
DMM,2026-06-02 21:00:00,33.5,clear,10.0
JED,2026-06-02 21:00:00,27.5,clear,8.2
RUH,2026-06-02 21:00:00,31.8,haze,5.7
DMM,2026-06-02 22:00:00,32.2,clear,7.9
JED,2026-06-02 22:00:00,26.4,clear,7.9
RUH,2026-06-02 22:00:00,32.2,dust,2.8
DMM,2026-06-02 23:00:00,31.4,clear,8.3
JED,2026-06-02 23:00:00,25.7,clear,9.1
RUH,2026-06-02 23:00:00,31.5,dust,2.0
DMM,2026-06-03 00:00:00,31.1,clear,10.0
JED,2026-06-03 00:00:00,25.5,clear,9.7
RUH,2026-06-03 00:00:00,31.3,dust,2.6
DMM,2026-06-03 01:00:00,31.4,clear,10.0
JED,2026-06-03 01:00:00,27.2,dust,3.0
RUH,2026-06-03 01:00:00,31.5,dust,2.0
DMM,2026-06-03 02:00:00,32.2,clear,9.6
JED,2026-06-03 02:00:00,27.9,dust,2.1
RUH,2026-06-03 02:00:00,32.2,dust,2.6
DMM,2026-06-03 03:00:00,33.5,clear,8.3
JED,2026-06-03 03:00:00,29.0,dust,2.1
RUH,2026-06-03 03:00:00,33.3,dust,2.7
DMM,2026-06-03 04:00:00,35.2,clear,10.0
JED,2026-06-03 04:00:00,30.5,dust,1.9
RUH,2026-06-03 04:00:00,34.8,dust,3.1
DMM,2026-06-03 05:00:00,37.2,clear,8.2
JED,2026-06-03 05:00:00,32.2,dust,2.2
RUH,2026-06-03 05:00:00,35.0,clear,10.0
DMM,2026-06-03 06:00:00,39.3,clear,10.0
JED,2026-06-03 06:00:00,34.0,dust,2.6
RUH,2026-06-03 06:00:00,36.9,clear,10.0
DMM,2026-06-03 07:00:00,42.9,dust,2.1
JED,2026-06-03 07:00:00,35.8,dust,1.9
RUH,2026-06-03 07:00:00,38.7,clear,10.0
DMM,2026-06-03 08:00:00,44.9,dust,2.9
JED,2026-06-03 08:00:00,37.5,dust,2.7
RUH,2026-06-03 08:00:00,40.5,clear,9.6
DMM,2026-06-03 09:00:00,46.6,dust,2.1
JED,2026-06-03 09:00:00,39.0,dust,2.1
RUH,2026-06-03 09:00:00,41.9,clear,8.5
DMM,2026-06-03 10:00:00,47.9,dust,2.5
JED,2026-06-03 10:00:00,40.1,dust,2.8
RUH,2026-06-03 10:00:00,43.1,clear,10.0
DMM,2026-06-03 11:00:00,48.0,dust,2.1
JED,2026-06-03 11:00:00,39.3,clear,10.0
RUH,2026-06-03 11:00:00,43.8,haze,5.4
DMM,2026-06-03 12:00:00,48.0,dust,2.3
JED,2026-06-03 12:00:00,39.5,clear,7.8
RUH,2026-06-03 12:00:00,44.0,haze,4.6
DMM,2026-06-03 13:00:00,48.0,dust,3.0
JED,2026-06-03 13:00:00,39.3,clear,9.5
RUH,2026-06-03 13:00:00,43.8,haze,6.9
DMM,2026-06-03 14:00:00,47.9,dust,2.4
JED,2026-06-03 14:00:00,38.6,clear,9.8
RUH,2026-06-03 14:00:00,43.1,haze,5.7
DMM,2026-06-03 15:00:00,46.6,dust,2.5
JED,2026-06-03 15:00:00,37.5,clear,8.4
RUH,2026-06-03 15:00:00,41.9,haze,4.7
DMM,2026-06-03 16:00:00,44.9,dust,3.0
JED,2026-06-03 16:00:00,36.0,clear,10.0
RUH,2026-06-03 16:00:00,40.5,haze,6.5
DMM,2026-06-03 17:00:00,42.9,dust,2.4
JED,2026-06-03 17:00:00,34.3,clear,8.7
RUH,2026-06-03 17:00:00,38.7,haze,5.2
DMM,2026-06-03 18:00:00,39.3,clear,10.0
JED,2026-06-03 18:00:00,32.5,cloudy,7.7
RUH,2026-06-03 18:00:00,36.9,haze,6.3
DMM,2026-06-03 19:00:00,37.2,clear,9.7
JED,2026-06-03 19:00:00,30.7,cloudy,10.0
RUH,2026-06-03 19:00:00,35.0,haze,7.1
DMM,2026-06-03 20:00:00,35.2,clear,10.0
JED,2026-06-03 20:00:00,29.0,cloudy,10.0
RUH,2026-06-03 20:00:00,33.3,clear,10.0
DMM,2026-06-03 21:00:00,33.2,clear,10.0
JED,2026-06-03 21:00:00,24.6,clear,9.7
RUH,2026-06-03 21:00:00,32.1,clear,8.9
DMM,2026-06-03 22:00:00,32.1,clear,10.0
JED,2026-06-03 22:00:00,23.3,clear,9.0
RUH,2026-06-03 22:00:00,30.6,clear,10.0
DMM,2026-06-03 23:00:00,31.4,clear,10.0
JED,2026-06-03 23:00:00,22.5,clear,10.0
RUH,2026-06-03 23:00:00,29.6,clear,9.4
DMM,2026-06-04 00:00:00,31.2,clear,10.0
JED,2026-06-04 00:00:00,22.2,clear,8.2
RUH,2026-06-04 00:00:00,29.3,clear,10.0
DMM,2026-06-04 01:00:00,31.4,clear,8.8
JED,2026-06-04 01:00:00,22.5,clear,8.6
RUH,2026-06-04 01:00:00,29.6,clear,7.9
DMM,2026-06-04 02:00:00,32.1,clear,9.9
JED,2026-06-04 02:00:00,23.3,clear,10.0
RUH,2026-06-04 02:00:00,30.6,clear,9.2
DMM,2026-06-04 03:00:00,33.2,clear,8.0
JED,2026-06-04 03:00:00,24.6,clear,9.2
RUH,2026-06-04 03:00:00,32.1,clear,10.0
DMM,2026-06-04 04:00:00,34.5,clear,10.0
JED,2026-06-04 04:00:00,26.4,clear,10.0
RUH,2026-06-04 04:00:00,34.0,clear,8.2
DMM,2026-06-04 05:00:00,36.2,cloudy,8.5
JED,2026-06-04 05:00:00,28.4,clear,10.0
RUH,2026-06-04 05:00:00,36.3,cloudy,7.9
DMM,2026-06-04 06:00:00,37.9,cloudy,9.0
JED,2026-06-04 06:00:00,30.5,clear,9.1
RUH,2026-06-04 06:00:00,38.8,cloudy,9.2
DMM,2026-06-04 07:00:00,39.6,cloudy,7.6
JED,2026-06-04 07:00:00,32.7,clear,10.0
RUH,2026-06-04 07:00:00,41.2,cloudy,9.4
DMM,2026-06-04 08:00:00,41.2,cloudy,10.0
JED,2026-06-04 08:00:00,34.7,clear,10.0
RUH,2026-06-04 08:00:00,43.5,cloudy,7.9
DMM,2026-06-04 09:00:00,42.6,cloudy,10.0
JED,2026-06-04 09:00:00,36.5,clear,10.0
RUH,2026-06-04 09:00:00,45.4,cloudy,8.7
DMM,2026-06-04 10:00:00,43.7,cloudy,10.0
JED,2026-06-04 10:00:00,37.8,clear,10.0
RUH,2026-06-04 10:00:00,47.0,cloudy,8.4
DMM,2026-06-04 11:00:00,44.3,cloudy,10.0
JED,2026-06-04 11:00:00,38.6,clear,8.9
RUH,2026-06-04 11:00:00,47.9,clear,8.5
DMM,2026-06-04 12:00:00,44.6,cloudy,8.3
JED,2026-06-04 12:00:00,38.9,clear,7.8
RUH,2026-06-04 12:00:00,48.0,clear,10.0
DMM,2026-06-04 13:00:00,44.3,clear,10.0
JED,2026-06-04 13:00:00,38.6,clear,9.2
RUH,2026-06-04 13:00:00,47.9,clear,10.0
DMM,2026-06-04 14:00:00,43.7,clear,10.0
JED,2026-06-04 14:00:00,37.8,clear,10.0
RUH,2026-06-04 14:00:00,47.0,clear,10.0
DMM,2026-06-04 15:00:00,42.6,clear,10.0
JED,2026-06-04 15:00:00,36.5,clear,7.6
RUH,2026-06-04 15:00:00,45.4,haze,5.2
DMM,2026-06-04 16:00:00,41.2,clear,7.7
JED,2026-06-04 16:00:00,34.7,clear,10.0
RUH,2026-06-04 16:00:00,43.5,haze,5.8
DMM,2026-06-04 17:00:00,39.6,clear,8.0
JED,2026-06-04 17:00:00,32.7,clear,10.0
RUH,2026-06-04 17:00:00,41.2,haze,6.1
DMM,2026-06-04 18:00:00,37.9,clear,8.8
JED,2026-06-04 18:00:00,30.5,clear,8.2
RUH,2026-06-04 18:00:00,38.8,haze,4.9
DMM,2026-06-04 19:00:00,36.2,clear,8.8
JED,2026-06-04 19:00:00,28.4,clear,10.0
RUH,2026-06-04 19:00:00,36.3,haze,7.3
DMM,2026-06-04 20:00:00,34.5,clear,10.0
JED,2026-06-04 20:00:00,26.4,clear,9.2
RUH,2026-06-04 20:00:00,34.0,haze,7.5
DMM,2026-06-04 21:00:00,30.5,clear,10.0
JED,2026-06-04 21:00:00,28.3,dust,2.9
RUH,2026-06-04 21:00:00,34.6,haze,7.2
DMM,2026-06-04 22:00:00,29.4,clear,8.6
JED,2026-06-04 22:00:00,26.9,dust,3.1
RUH,2026-06-04 22:00:00,33.6,haze,7.2
DMM,2026-06-04 23:00:00,28.8,clear,8.9
JED,2026-06-04 23:00:00,26.0,dust,2.9
RUH,2026-06-04 23:00:00,32.9,clear,10.0
DMM,2026-06-05 00:00:00,28.5,clear,10.0
JED,2026-06-05 00:00:00,25.7,dust,2.2
RUH,2026-06-05 00:00:00,32.7,clear,9.1
DMM,2026-06-05 01:00:00,28.8,clear,10.0
JED,2026-06-05 01:00:00,24.5,clear,10.0
RUH,2026-06-05 01:00:00,32.9,clear,10.0
DMM,2026-06-05 02:00:00,29.4,clear,7.8
JED,2026-06-05 02:00:00,25.4,clear,10.0
RUH,2026-06-05 02:00:00,33.6,clear,10.0
DMM,2026-06-05 03:00:00,30.5,clear,10.0
JED,2026-06-05 03:00:00,26.8,clear,8.1
RUH,2026-06-05 03:00:00,34.6,clear,7.9
DMM,2026-06-05 04:00:00,31.9,clear,8.3
JED,2026-06-05 04:00:00,28.6,clear,10.0
RUH,2026-06-05 04:00:00,36.0,clear,10.0
DMM,2026-06-05 05:00:00,33.5,clear,10.0
JED,2026-06-05 05:00:00,30.8,clear,10.0
RUH,2026-06-05 05:00:00,37.5,clear,8.5
DMM,2026-06-05 06:00:00,35.2,clear,7.8
JED,2026-06-05 06:00:00,33.1,clear,10.0
RUH,2026-06-05 06:00:00,39.2,clear,10.0
DMM,2026-06-05 07:00:00,36.9,clear,10.0
JED,2026-06-05 07:00:00,35.4,clear,10.0
RUH,2026-06-05 07:00:00,40.9,clear,10.0
DMM,2026-06-05 08:00:00,38.5,clear,8.1
JED,2026-06-05 08:00:00,37.5,clear,10.0
RUH,2026-06-05 08:00:00,42.5,clear,10.0
DMM,2026-06-05 09:00:00,39.9,clear,10.0
JED,2026-06-05 09:00:00,40.9,dust,2.6
RUH,2026-06-05 09:00:00,43.9,clear,9.2
DMM,2026-06-05 10:00:00,41.0,clear,8.0
JED,2026-06-05 10:00:00,42.3,dust,2.7
RUH,2026-06-05 10:00:00,44.9,clear,9.8
DMM,2026-06-05 11:00:00,41.6,haze,5.9
JED,2026-06-05 11:00:00,43.1,dust,2.6
RUH,2026-06-05 11:00:00,45.6,clear,7.7
DMM,2026-06-05 12:00:00,41.8,haze,4.6
JED,2026-06-05 12:00:00,43.5,dust,2.3
RUH,2026-06-05 12:00:00,45.8,haze,5.3
DMM,2026-06-05 13:00:00,41.6,haze,4.9
JED,2026-06-05 13:00:00,43.1,dust,2.5
RUH,2026-06-05 13:00:00,45.6,haze,6.7
DMM,2026-06-05 14:00:00,41.0,clear,9.3
JED,2026-06-05 14:00:00,42.3,dust,2.8
RUH,2026-06-05 14:00:00,44.9,haze,7.2
DMM,2026-06-05 15:00:00,39.9,clear,10.0
JED,2026-06-05 15:00:00,40.9,dust,2.4
RUH,2026-06-05 15:00:00,43.9,haze,5.9
DMM,2026-06-05 16:00:00,38.5,clear,8.0
JED,2026-06-05 16:00:00,37.5,cloudy,9.0
RUH,2026-06-05 16:00:00,42.5,haze,6.3
DMM,2026-06-05 17:00:00,36.9,clear,10.0
JED,2026-06-05 17:00:00,35.4,cloudy,7.8
RUH,2026-06-05 17:00:00,40.9,clear,10.0
DMM,2026-06-05 18:00:00,35.2,clear,10.0
JED,2026-06-05 18:00:00,33.1,cloudy,7.9
RUH,2026-06-05 18:00:00,39.2,clear,10.0
DMM,2026-06-05 19:00:00,33.5,clear,8.0
JED,2026-06-05 19:00:00,30.8,cloudy,10.0
RUH,2026-06-05 19:00:00,37.5,clear,7.5
DMM,2026-06-05 20:00:00,31.9,clear,10.0
JED,2026-06-05 20:00:00,28.6,cloudy,10.0
RUH,2026-06-05 20:00:00,36.0,clear,10.0
