regime,epoch,train_loss,val_loss,train_accuracy,val_accuracy,diagnosis,first_intervention
healthy,1,1.6237,1.8041,0.6034,0.5531,good fit,continue; checkpoint best validation
overfit,1,1.364,0.45,0.6473,0.5944,overfitting,augment/weight decay; early-stop at best validation
underfit,1,1.535,1.607,0.462,0.431,underfitting,increase capacity or train longer
unstable,1,2.0027,2.2249,0.5639,0.5487,unstable optimization,lower learning rate; inspect gradient norms
healthy,2,1.3566,1.5408,0.6717,0.6141,good fit,continue; checkpoint best validation
overfit,2,1.0711,0.45,0.7231,0.6654,overfitting,augment/weight decay; early-stop at best validation
underfit,2,1.52,1.594,0.474,0.442,underfitting,increase capacity or train longer
unstable,2,1.5361,1.8058,0.5937,0.5101,unstable optimization,lower learning rate; inspect gradient norms
healthy,3,1.1379,1.3212,0.7275,0.665,good fit,continue; checkpoint best validation
overfit,3,0.843,0.45,0.7822,0.7187,overfitting,augment/weight decay; early-stop at best validation
underfit,3,1.505,1.581,0.486,0.453,underfitting,increase capacity or train longer
unstable,3,1.3736,1.3557,0.5649,0.4216,unstable optimization,lower learning rate; inspect gradient norms
healthy,4,0.9588,1.1381,0.7733,0.7074,good fit,continue; checkpoint best validation
overfit,4,0.6654,0.45,0.8281,0.7588,overfitting,augment/weight decay; early-stop at best validation
underfit,4,1.49,1.568,0.498,0.464,underfitting,increase capacity or train longer
unstable,4,1.7422,1.6484,0.527,0.4632,unstable optimization,lower learning rate; inspect gradient norms
healthy,5,0.8122,0.9855,0.8108,0.7427,good fit,continue; checkpoint best validation
overfit,5,0.5271,0.45,0.8639,0.7889,overfitting,augment/weight decay; early-stop at best validation
underfit,5,1.475,1.555,0.51,0.475,underfitting,increase capacity or train longer
unstable,5,1.5654,2.0029,0.5379,0.5991,unstable optimization,lower learning rate; inspect gradient norms
healthy,6,0.6921,0.8582,0.8415,0.7722,good fit,continue; checkpoint best validation
overfit,6,0.4193,0.45,0.8918,0.8116,overfitting,augment/weight decay; early-stop at best validation
underfit,6,1.46,1.542,0.522,0.486,underfitting,increase capacity or train longer
unstable,6,1.1053,1.6173,0.6104,0.6369,unstable optimization,lower learning rate; inspect gradient norms
healthy,7,0.5939,0.7521,0.8666,0.7968,good fit,continue; checkpoint best validation
overfit,7,0.3354,0.45,0.9135,0.8286,overfitting,augment/weight decay; early-stop at best validation
underfit,7,1.445,1.529,0.534,0.497,underfitting,increase capacity or train longer
unstable,7,1.3194,1.139,0.701,0.547,unstable optimization,lower learning rate; inspect gradient norms
healthy,8,0.5134,0.6637,0.8871,0.8173,good fit,continue; checkpoint best validation
overfit,8,0.2701,0.468,0.9305,0.8414,overfitting,augment/weight decay; early-stop at best validation
underfit,8,1.43,1.516,0.546,0.508,underfitting,increase capacity or train longer
unstable,8,1.5104,1.3971,0.7493,0.5119,unstable optimization,lower learning rate; inspect gradient norms
healthy,9,0.4475,0.5899,0.904,0.8343,good fit,continue; checkpoint best validation
overfit,9,0.2192,0.4959,0.9436,0.8314,overfitting,augment/weight decay; early-stop at best validation
underfit,9,1.415,1.503,0.558,0.519,underfitting,increase capacity or train longer
unstable,9,1.0377,1.7784,0.7338,0.623,unstable optimization,lower learning rate; inspect gradient norms
healthy,10,0.3936,0.5284,0.9177,0.8486,good fit,continue; checkpoint best validation
overfit,10,0.1795,0.5293,0.9539,0.8214,overfitting,augment/weight decay; early-stop at best validation
underfit,10,1.4,1.49,0.57,0.53,underfitting,increase capacity or train longer
unstable,10,0.8897,1.4285,0.6919,0.7292,unstable optimization,lower learning rate; inspect gradient norms
healthy,11,0.3494,0.4771,0.929,0.8605,good fit,continue; checkpoint best validation
overfit,11,0.1487,0.567,0.9619,0.8114,overfitting,augment/weight decay; early-stop at best validation
underfit,11,1.385,1.477,0.582,0.541,underfitting,increase capacity or train longer
unstable,11,1.2578,0.9249,0.685,0.6873,unstable optimization,lower learning rate; inspect gradient norms
healthy,12,0.3133,0.4344,0.9383,0.8704,good fit,continue; checkpoint best validation
overfit,12,0.1246,0.6081,0.9681,0.8014,overfitting,augment/weight decay; early-stop at best validation
underfit,12,1.37,1.464,0.594,0.552,underfitting,increase capacity or train longer
unstable,12,1.0668,1.1462,0.7424,0.6001,unstable optimization,lower learning rate; inspect gradient norms
healthy,13,0.2837,0.3987,0.9458,0.8786,good fit,continue; checkpoint best validation
overfit,13,0.1059,0.6522,0.9729,0.7914,overfitting,augment/weight decay; early-stop at best validation
underfit,13,1.355,1.451,0.606,0.563,underfitting,increase capacity or train longer
unstable,13,0.6137,1.5512,0.8344,0.6456,unstable optimization,lower learning rate; inspect gradient norms
healthy,14,0.2595,0.369,0.952,0.8855,good fit,continue; checkpoint best validation
overfit,14,0.0913,0.699,0.9767,0.7814,overfitting,augment/weight decay; early-stop at best validation
underfit,14,1.34,1.438,0.618,0.574,underfitting,increase capacity or train longer
unstable,14,0.8388,1.2391,0.8993,0.7814,unstable optimization,lower learning rate; inspect gradient norms
healthy,15,0.2396,0.3443,0.9571,0.8912,good fit,continue; checkpoint best validation
overfit,15,0.08,0.7482,0.9797,0.7714,overfitting,augment/weight decay; early-stop at best validation
underfit,15,1.325,1.425,0.63,0.585,underfitting,increase capacity or train longer
unstable,15,1.0178,0.7133,0.9005,0.8153,unstable optimization,lower learning rate; inspect gradient norms
healthy,16,0.2234,0.3236,0.9612,0.896,good fit,continue; checkpoint best validation
overfit,16,0.0711,0.7995,0.9819,0.7614,overfitting,augment/weight decay; early-stop at best validation
underfit,16,1.31,1.412,0.642,0.596,underfitting,increase capacity or train longer
unstable,16,0.5395,0.8959,0.8598,0.7242,unstable optimization,lower learning rate; inspect gradient norms
healthy,17,0.2101,0.3064,0.9646,0.9,good fit,continue; checkpoint best validation
overfit,17,0.0642,0.853,0.9837,0.7514,overfitting,augment/weight decay; early-stop at best validation
underfit,17,1.295,1.399,0.654,0.607,underfitting,increase capacity or train longer
unstable,17,0.4061,1.3215,0.8377,0.6925,unstable optimization,lower learning rate; inspect gradient norms
healthy,18,0.1992,0.292,0.9674,0.9033,good fit,continue; checkpoint best validation
overfit,18,0.0589,0.9083,0.9851,0.7414,overfitting,augment/weight decay; early-stop at best validation
underfit,18,1.28,1.386,0.666,0.618,underfitting,increase capacity or train longer
unstable,18,0.7732,1.0489,0.8774,0.806,unstable optimization,lower learning rate; inspect gradient norms
healthy,19,0.1903,0.28,0.9697,0.9061,good fit,continue; checkpoint best validation
overfit,19,0.0547,0.9654,0.9862,0.7314,overfitting,augment/weight decay; early-stop at best validation
underfit,19,1.265,1.373,0.678,0.629,underfitting,increase capacity or train longer
unstable,19,0.568,0.5043,0.9655,0.9095,unstable optimization,lower learning rate; inspect gradient norms
healthy,20,0.183,0.2701,0.9716,0.9084,good fit,continue; checkpoint best validation
overfit,20,0.0515,1.0242,0.987,0.7214,overfitting,augment/weight decay; early-stop at best validation
underfit,20,1.25,1.36,0.69,0.64,underfitting,increase capacity or train longer
unstable,20,0.1223,0.6465,0.98,0.8644,unstable optimization,lower learning rate; inspect gradient norms
