token,hex,name,palette_type,colour_blind_safe,contrast_ratio_on_white,usage_rule
brand-primary,#0F5E4A,Primary brand green,Categorical / brand chrome,Yes,7.8,"Reserve for chrome, never for the signal"
brand-primary-dark,#0A4436,Dark brand green,Text on light backgrounds,Yes,11.2,Body text and axis labels
accent-signal,#C8102E,Signal red,The one highlighted mark,Yes,5.9,Exactly one pre-attentive pop per chart
neutral-900,#1F2933,Near-black,Titles and takeaway text,Yes,15.1,Takeaway titles
neutral-500,#7B8794,Mid grey,Non-highlighted series,Yes,4.6,"Grey the rest, highlight one"
neutral-200,#E4E7EB,Light grey,Gridlines and dividers,n/a,1.3,Keep below the data ink
seq-1,#EAF2EF,Sequential 1 of 5,Sequential scale (low),Yes,1.1,Ordered magnitude only
seq-3,#5BA88F,Sequential 3 of 5,Sequential scale (mid),Yes,2.6,Ordered magnitude only
seq-5,#0F5E4A,Sequential 5 of 5,Sequential scale (high),Yes,7.8,Ordered magnitude only
div-low,#2166AC,Diverging - below target (good),Diverging scale,Yes,6.4,"Centre on the target, not the mean"
div-mid,#F7F7F7,Diverging midpoint,Diverging scale,n/a,1.0,Must sit on the meaningful midpoint
div-high,#B2182B,Diverging - above target (bad),Diverging scale,Yes,6.1,Pair with a shape or label for redundancy
cat-1,#0F5E4A,Categorical 1,Categorical (max 7),Yes,7.8,"Distinct hues, never a sequential ramp"
cat-2,#B26B00,Categorical 2,Categorical (max 7),Yes,4.4,"Distinct hues, never a sequential ramp"
cat-3,#2166AC,Categorical 3,Categorical (max 7),Yes,6.4,"Distinct hues, never a sequential ramp"
cat-4,#6A3D9A,Categorical 4,Categorical (max 7),Yes,8.1,"Distinct hues, never a sequential ramp"
