item_id,title,creator,year,module_used_in,encodings,the_claim,what_it_does_brilliantly,documented_flaw,transferable_lesson_for_tayseer,critique_question_1,critique_question_2
CAN-01,Map of the Broad Street cholera outbreak,John Snow; engraved by Charles Cheffins,"1854 (shown to the London Epidemiological Society, December 1854; published 1855)",M2 - chart choice and the raw-count map,Street base map; one stacked black bar per death at the victim's address; labelled pump marks; a dotted isoline of equal walking distance by the nearest road to the Broad Street pump,"Cholera is transmitted by contaminated water, not miasma - specifically the Broad Street pump was the common source.","The first dot map to make a spatial hypothesis testable, and the anomalies carry the argument: 61 deaths confirmed as pump-water drinkers, the brewery workers on a beer allowance who did not die, the workhouse with its own well. The walking-distance isoline is the first use of a network distance surface in epidemiology.","It is a raw-count map with no population denominator, made after the outbreak ended and playing no part in persuading the vestry; roughly three quarters of residents had fled, so the denominator moved under it. Stacked bars conflate a death with a death at an address, inflating apparent density at large tenements. Snow's own case rested more on the Southwark & Vauxhall versus Lambeth water-company comparison than on the map.",Our raw digital-transaction choropleth has the same defect: it finds Riyadh and Makkah because they are large. Case C's per-capita rate map is the corrected form.,"What is the denominator on this map, and what happens to the argument once you learn that three quarters of the residents had left?","Snow's dotted line is a walking-distance boundary, not a Voronoi cell. Why is that distinction worth a slide?"
CAN-02,Carte figurative des pertes successives en hommes de l'Armee Francaise dans la campagne de Russie 1812-1813,Charles Joseph Minard,"1869 (lithograph, 62 x 30 cm, dated 20 November 1869)",M1 - encoding density and narrative subordination,"Six variables: troop number as band width (1 mm per 10,000 men), longitude, latitude, direction of travel as colour (tan = advance, black = retreat), position relative to dates, and a temperature line below aligned by longitude","The catastrophic attrition of the Grande Armee, coupled to distance, direction, river crossings and cold.","Six dimensions with no gridlines, no legend clutter and two colours. The arithmetic closes: 340,000 + 60,000 + 22,000 = 422,000 crossing the Niemen, and 4,000 + 6,000 = 10,000 returning. The temperature curve is narratively subordinated beneath the flow so the reader couples cold to collapse unprompted.","Deliberate geographic distortion: the retreat leg is drifted south so it does not overlap the advance. A linear taper between Vilnius and Vitebsk hides roughly 165,000 deaths on that leg - more than the entire retreat. The band is non-monotonic near longitude 26.4, rising from 12,000 to 14,000. One temperature reading carries no date, there is a gap implying over 50 miles of movement in a day, and the temperatures are degrees Reaumur, not Celsius (C = Re x 1.25), so relabelled reproductions understate the cold by 25%.",Interpolating between two reporting points can erase the worst period entirely. Plot every one of our 60 months; never draw a straight line between the endpoints.,"The band width is monotonic except at one point. Find it, and decide whether the exception is data or drafting.","Convert the temperature axis from Reaumur to Celsius. How much colder does the retreat become, and what does that do to the story?"
CAN-03,Diagram of the Causes of Mortality in the Army in the East,Florence Nightingale,1858,M1 - perception and the encoding accuracy hierarchy,"Two circles of twelve equal-angle sectors, April 1854 - March 1855 and April 1855 - March 1856; blue = preventible or mitigable zymotic disease, red = wounds, black = all other causes; wedges superimposed from a common vertex at the centre, area proportional to the annual death rate per 1,000","Most deaths in the Crimea were from preventible disease, and they fell after the Sanitary Commission arrived at Scutari in March 1855.","The split at March 1855 is the argument, built into the layout. The rose is correctly area-encoded - Nightingale identified the radius error in her earlier bat's wing diagram, issued an erratum slip, and replaced it with the wedges. January 1855 disease mortality reaches an annualised 1,022.8 per 1,000, an annual rate above 100% of the force.","Even with correct area encoding, angular and area extent sit low on the decoding-accuracy hierarchy and readers tend to read radial extent, so differences are perceptually exaggerated at the extremes. The three wedges are superimposed, not stacked, and most modern recreations read them cumulatively and overstate total mortality. Nightingale's own line chart of the same rates is more accurate to read, and Hugh Small argues it was probably more influential on the reform.",Our gauge wall lost to a sorted bar chart in the Module 4 usability benchmark for exactly this reason. Rhetorical force and decoding accuracy are different objectives - choose one deliberately.,"Redraw one circle as a line chart of the same rates. Which reading task gets easier, and which gets harder?","The wedges share a vertex rather than stacking. What does a reader who assumes stacking conclude, and by how much are they wrong?"
CAN-04,Gapminder animated bubble chart (Trendalyzer),"Hans Rosling, with Ola Rosling and Anna Rosling Ronnlund; Gapminder Foundation",2006 TED talk 'The best stats you've ever seen'; Trendalyzer acquired by Google March 2007,M4 - presentation versus analysis; animation versus small multiples,"x = income per person on a log scale, y = life expectancy, size = population, colour = world region, time = animation frame with a scrub slider and trails","Country development is a continuum that moves over time, not a fixed rich-world / poor-world split.","Four variables plus time in one readable frame, with a narrator carrying attention across the animation. It is the canonical demonstration that a chart can be a performance.","Robertson, Fernandez, Fisher, Lee & Stasko (2008) tested it directly: animation is the least effective form for analysis. In the analysis condition, small multiples took 45.69 s, traces 55.01 s and animation 83.10 s, with small multiples significantly more accurate (p < .001). In the presentation condition animation was fastest at 15.80 s. Without the narrator the chart becomes a change-blindness problem, and two non-adjacent years cannot be compared at all. Bubble area is a weak channel and overplotting destroys readability at high counts.","Animate for the committee room, small-multiple for the analyst pack. Our 13-region trend grid is the analysis form; the animated version belongs only in a narrated session.","Name the reading task the animation makes impossible, and the chart form that restores it.","If animation is 82% slower for analysis and fastest for presentation, which of our two Tayseer audiences gets which version?"
CAN-05,Our World in Data grapher charts,"Our World in Data - Max Roser, University of Oxford and the Global Change Data Lab (registered charity 1186433)",Founded May 2013; Grapher is the in-house chart engine,"M3 - annotation, direct labelling and the reusable chart object","One configurable chart object per indicator: switchable chart types, country selector, time slider, download tab for data and image, and an embed code. Exemplars include life expectancy versus CO2 per capita (log x, linear y, size = population, colour = region) and the CO2 per-capita Marimekko where width = population, height = per-capita emissions and area = total emissions.","Public statistics become usable when every chart carries its data, its sources and its licence with it.","Every chart is an interactive object that ships its own data and provenance, which is exactly why it survives being embedded elsewhere. The Marimekko double-encoding is a clean teaching case for area judgement and a direct companion to the Nightingale debate.","Two licensing traps. OWID's own content and data are CC BY, but third-party data carried in a grapher keeps the third party's licence, so 'check the Learn more about this data panel' is a required step. And the Grapher source code is no longer MIT: the current licence permits viewing and studying the code only, and forbids copying, modifying or redistributing it without written permission. Wikipedia and most secondary sources are out of date on this - do not tell a class they can fork Grapher.","Our Tayseer tiles should carry the same three things OWID charts do: the measure definition, the source file, and the download. That is what makes a dashboard auditable rather than merely attractive.","Open the Marimekko. Which of the three quantities encoded there can you actually read off, and which one are you estimating?",A chart you embed is CC BY but its underlying series is not. What must appear on the slide?
CAN-06,The New York Times election needle,"The New York Times Graphics department; gauge designed and built by Gregor Aisch, election results operation led by Wilson Andrews","Debuted election night, 8 November 2016",M6 - communicating uncertainty under pressure,"A gauge needle showing a live in-progress forecast, not a vote count; the needle's range fixed between the 25th and 75th percentile of the model's simulated outcomes; movement generated with Perlin noise so it reads as organic; amplitude narrows as the forecast tightens","The probable final outcome, updated as partial returns arrive, with the visible wobble standing in for the uncertainty.","The jitter is the uncertainty, not decoration - its amplitude is the interquartile range of the simulations. Aisch's rationale is that bare probabilities fail most audiences because it is very hard to make sense of probabilities between 75% and 85%. Hullman, Resnick & Adar's hypothetical outcome plots (PLOS ONE, 2015) supply the formal justification: animating individual draws lets viewers count and integrate rather than decode a statistical convention.","A broken metaphor - real gauges do not jitter, so viewers read the wobble as a malfunction or as live incoming data. Critics argued it implied a trend where none existed, as stochastic movement was read as direction. It became a mass anxiety object. Aisch's own concession is that the piece lacked explicit, static annotation of what it was doing. In 2020 the Times dropped the national needle and ran needles for only Georgia, Florida and North Carolina, because record absentee balloting broke the model's assumptions.","Our December 2026 projection is a forecast with a window choice inside it. Show the range, label the method on the tile, and never let a projection wear the visual costume of a measurement.",The wobble encodes the interquartile range. What does a viewer who has not been told that conclude instead?,"Which of our dashboard tiles is a forecast dressed as a measurement, and what static annotation fixes it?"
CAN-07,How the Virus Got Out,"Jin Wu, Weiyi Cai, Derek Watkins and James Glanz, The New York Times",Published 22 March 2020,M5 - sequencing and scrollytelling,"Scrollytelling narrative; animated dot-density maps at fixed dates (1, 21, 23, 31 January; 14 February; 1, 11, 20 March); a mobility and flow visualisation of individual movements out of Wuhan built on phone-location and travel data; comparative regional insets; a travel-volume time series","Roughly seven million people left Wuhan before the 23 January cordon, so the lockdown came too late to contain global spread.","The piece controls the order in which facts arrive, so the reader reaches the conclusion by construction rather than by assertion. The flow animation shows a mechanism - the movement of individuals - rather than an aggregate quantity, which is the rare case where animation earns its place.","Sequencing is persuasion. A reader taken through a fixed order cannot interrogate an alternative order, and the fixed date stops are editorial choices that the form presents as natural. The same technique that makes the argument legible also makes it hard to dissent from inside the piece.","Module 5's storyboard is this technique at committee scale. Sequence deliberately, and then state the sequence out loud so the audience knows a choice was made.",List the eight date stops. Which of them are epidemiological and which are editorial?,Where in the Tayseer story does sequence do work that a single chart could not - and where would it be manipulation?
CAN-08,"Missing Deaths / U.S. Deaths Near 100,000, An Incalculable Loss","The New York Times - excess-deaths tracker published 21 April 2020; the front page led by Simone Landon, with names compiled by Alain Delaquerière",2020 (excess deaths from 21 April; the front page on 24 May),M5 - the baseline is the argument; M3 - when not to make a chart,"Excess deaths: a line for observed mortality against a modelled expected line with a shaded band, for 32 countries plus selected cities. The front page: no chart at all - 1,000 names and one-line obituary fragments set as continuous type filling the page.","The true toll of the pandemic exceeds the confirmed count, and its magnitude is not something a quantity can carry alone.","The excess-deaths visual is trivial - a line and a band - while every contested claim lives in how the counterfactual was built: a linear model on 2015-2019 mortality with a time trend for demographic change and a smoothing spline for seasonality. The front page is the deliberate refusal of aggregation, stated intent being to convey the vastness and variety of the tragedies by personalising them, countering data fatigue.","The excess-deaths README carries its own caveat: the expected deaths are not adjusted for how non-Covid deaths may change during the outbreak, so the baseline is contestable exactly where the claim is strongest. The front page's pre-publication tweet was later deleted after one listed person turned out to have died by homicide - sourcing from online obituaries at speed has a failure mode.","Our do-nothing projection in regional_scorecard_latest.csv is a counterfactual, and the hard part is upstream of the chart. State the baseline method on the slide, and know when a list of names beats a bar.",Rebuild the expected-deaths line with a different baseline window. How much of the claim survives?,Is there a point in the Tayseer story where the right answer is not a chart? Defend it.
CAN-09,FT COVID-19 trajectory charts and the FT Visual Vocabulary,John Burn-Murdoch (trajectories) and the FT Visual Journalism Team (Visual Vocabulary); Chart Doctor column by Alan Smith,Trajectories first published 11 March 2020 (prototyped 10 March); Chart Doctor launched May 2016,"M2 - matching the relationship to the chart form, and scale choice","Trajectories: x = days since the country's 100th confirmed case, y = cumulative cases or deaths on a log scale, diagonal doubling-time reference lines, direct line labels with no legend, East Asian countries blue and Italy black with everything else grey, and a narrative headline. Visual Vocabulary: nine relationship categories - deviation, correlation, ranking, distribution, change over time, part-to-whole, magnitude, spatial, flow.","Trajectories: national epidemics are comparable once aligned on a common starting point, and the slope is the growth rate. Visual Vocabulary: chart choice follows from the relationship you want to show.","On a log scale the slope is the growth rate, so the reading task becomes comparing slopes against the doubling-time guides - the epidemiologically meaningful comparison. Aligning on days since the 100th case removes the confound of when an epidemic started. The doubling-time diagonals are the single most important annotation on the chart. The Visual Vocabulary's nine categories are a genuinely good course spine.","Romano, Sotis, Dominioni & Guidi (Health Economics, 2020, 29(11), 1482-1494) found that showing COVID deaths on a logarithmic scale left people with a less accurate understanding of how the pandemic had developed, less accurate predictions, and shifted attitudes and policy preferences; they recommend a linear scale as the default for general audiences. Daily wiggles also reflect reporting schedules rather than transmission, which is why seven-day rolling averages followed. Separately, the Visual Vocabulary is copyright The Financial Times, all rights reserved - link to it, do not reproduce it in course materials without clearance.","The same chart can be well designed and misleading depending on which question the reader brought. Decide whether the tile serves the analyst comparing rates or the committee judging magnitude, and say which on the tile.","Redraw one trajectory chart on a linear axis. Which reader is now better served, and which is worse?",Take three Tayseer questions to the nine Visual Vocabulary categories. Does the category the question falls into match the chart we shipped?
CAN-10,FiveThirtyEight probabilistic forecast displays,FiveThirtyEight (Nate Silver; later G. Elliott Morris),2016 and 2020 election forecasts; the site was shut down on 5 March 2025,"M6 - probability, frequency framing and the hostile question","A histogram or dot array of roughly 40,000 simulated outcomes across electoral-vote totals; frequency framing in the headline ('he wins X in 100 times we run this'); the snake chart, where states are laid out along a winding path from most Democratic to most Republican, position shows how competitive a state is, segment length encodes electoral votes and colour encodes party lean and confidence.","A forecast is a distribution, not a number, and the reader should be shown the whole distribution.","In 2016 FiveThirtyEight's final figure was Trump 29% / Clinton 71% on polls-only - the least confident mainstream forecast, against HuffPost Pollster at 1.7% for Trump. The 2020 presentation answered 2016 directly with simulation displays, frequency framing and explicit correlated-error discussion. The snake chart lets a reader trace from either end to find the state that crosses 270, which no choropleth does. In 2020 it correctly called 48 states and DC, missing Florida, North Carolina and Maine's second district.","The presentation innovations were attempts to stop readers collapsing 71% into 'certain', and they largely failed - the least confident forecast was the one most widely described as wrong. Two practical hazards for a course: fivethirtyeight.com URLs are all dead, since ABC redirected the archive on 15 May 2026 and every features URL now 302s to abcnews.com/politics, so cite archive.org snapshots only; and the widely repeated claim that FiveThirtyEight published a critique of the hurricane cone of uncertainty could not be verified - attribute that critique to Broad, Leiserowitz, Weinkle & Steketee (BAMS, 2007) and to Alberto Cairo instead.","Our December projection is a probability statement. Use frequency framing in the committee - 'in X of 10 plausible futures the five regions still miss 65%' - and show the distribution, not the point.",A committee member says the 71% forecast was 'wrong'. Answer in one sentence that a non-statistician accepts.,"Rewrite our December projection tile using frequency framing. What does it cost, and what does it buy?"
