qa_id,question_type,question,model_answer,bridge_back_to_big_idea,appendix_reference,likelihood
QA-01,Hostile,Aren't those regions just small? Why spend 40 million there?,"They hold 15.8% of the population, run 12.1% below the national digital-transactions-per-capita figure, and carry the highest unit cost in the country (24.6 vs 14.6 SAR).","so targeted spend closes the real gap, not a rounding error.",A2 - per-capita evidence,High
QA-02,Data is wrong,Adoption looks higher than the finance report.,"Finance averages the regional column; we recompute from unique_users, which is the non-additive-safe method.",and the recommendation holds at finance's lower figure too.,A5 - measure definitions,High
QA-03,Off-topic,Why not spend it on the app instead?,Channel infrastructure is Option B; it has the highest ceiling but lands 14 months out.,so region targeting is the only option that reaches 65% by December.,A3 - options comparison,Medium
QA-04,Clarifying,What happens if we do nothing?,The five stalled regions add under 0.12pp a month; they finish December roughly 8pp short.,which is why the ask is a targeted intervention now.,A4 - do-nothing projection,High
QA-05,Hostile,Your cost saving assumes every shifted transaction is free.,"It assumes the observed gap between assisted and digital unit cost, not zero cost.",and even at half that gap the payback is under nine months.,A6 - saving sensitivity,Medium
QA-06,Data is wrong,Jazan's completion time looks impossible.,"Those are branch-handled licensing cases; the median is far below the mean, and the tail is the finding.",which is exactly the workload the intervention removes.,A7 - completion distribution,Medium
QA-07,Clarifying,Who owns delivery if this is approved?,"Regional Delivery, with the five directors already named in the RLS model.",so the reporting line exists on day one.,A8 - governance,Low
QA-08,Off-topic,Can we split the budget across all three options?,Splitting delays Option A below the activation threshold in at least two regions.,so the fastest path to 65% is to fund Option A whole.,A3 - options comparison,Medium
QA-09,Hostile,Satisfaction fell in Tabuk while adoption rose. Isn't digital making it worse?,Tabuk shifted volume faster than it fixed content and authentication issues.,"which is a scoped fix inside Option A, not an argument against digital.",A9 - Tabuk detail,High
QA-10,Clarifying,When would we see the first evidence it is working?,Monthly adoption slope in the five regions; the first readable signal is 60 days after activation.,and I propose a 90-day checkpoint against that slope.,A10 - measurement plan,High
QA-11,Data is wrong,The national figure moved between two of your slides.,"One is the unfiltered national figure, the other is filtered to the five regions; the state is labelled on both.",and the gap between them is the whole argument.,A5 - measure definitions,Medium
QA-12,Off-topic,Shouldn't we close branches instead?,"Branch visits per 1,000 population are already falling 1.1% a month without closures.","so the faster lever is moving demand, which is what this asks for.",A11 - branch network,Low
