date,day_of_week,is_weekend,is_ramadan,is_eid,is_national_day,is_founding_day,doy
2021-01-01,4,True,False,False,False,False,1
2021-01-02,5,True,False,False,False,False,2
2021-01-03,6,False,False,False,False,False,3
2021-01-04,0,False,False,False,False,False,4
2021-01-05,1,False,False,False,False,False,5
2021-01-06,2,False,False,False,False,False,6
2021-01-07,3,False,False,False,False,False,7
2021-01-08,4,True,False,False,False,False,8
2021-01-09,5,True,False,False,False,False,9
2021-01-10,6,False,False,False,False,False,10
2021-01-11,0,False,False,False,False,False,11
2021-01-12,1,False,False,False,False,False,12
2021-01-13,2,False,False,False,False,False,13
2021-01-14,3,False,False,False,False,False,14
2021-01-15,4,True,False,False,False,False,15
2021-01-16,5,True,False,False,False,False,16
2021-01-17,6,False,False,False,False,False,17
2021-01-18,0,False,False,False,False,False,18
2021-01-19,1,False,False,False,False,False,19
2021-01-20,2,False,False,False,False,False,20
2021-01-21,3,False,False,False,False,False,21
2021-01-22,4,True,False,False,False,False,22
2021-01-23,5,True,False,False,False,False,23
2021-01-24,6,False,False,False,False,False,24
2021-01-25,0,False,False,False,False,False,25
2021-01-26,1,False,False,False,False,False,26
2021-01-27,2,False,False,False,False,False,27
2021-01-28,3,False,False,False,False,False,28
2021-01-29,4,True,False,False,False,False,29
2021-01-30,5,True,False,False,False,False,30
2021-01-31,6,False,False,False,False,False,31
2021-02-01,0,False,False,False,False,False,32
2021-02-02,1,False,False,False,False,False,33
2021-02-03,2,False,False,False,False,False,34
2021-02-04,3,False,False,False,False,False,35
2021-02-05,4,True,False,False,False,False,36
2021-02-06,5,True,False,False,False,False,37
2021-02-07,6,False,False,False,False,False,38
2021-02-08,0,False,False,False,False,False,39
2021-02-09,1,False,False,False,False,False,40
2021-02-10,2,False,False,False,False,False,41
2021-02-11,3,False,False,False,False,False,42
2021-02-12,4,True,False,False,False,False,43
2021-02-13,5,True,False,False,False,False,44
2021-02-14,6,False,False,False,False,False,45
2021-02-15,0,False,False,False,False,False,46
2021-02-16,1,False,False,False,False,False,47
2021-02-17,2,False,False,False,False,False,48
2021-02-18,3,False,False,False,False,False,49
2021-02-19,4,True,False,False,False,False,50
2021-02-20,5,True,False,False,False,False,51
2021-02-21,6,False,False,False,False,False,52
2021-02-22,0,False,False,False,False,False,53
2021-02-23,1,False,False,False,False,False,54
2021-02-24,2,False,False,False,False,False,55
2021-02-25,3,False,False,False,False,False,56
2021-02-26,4,True,False,False,False,False,57
2021-02-27,5,True,False,False,False,False,58
2021-02-28,6,False,False,False,False,False,59
2021-03-01,0,False,False,False,False,False,60
2021-03-02,1,False,False,False,False,False,61
2021-03-03,2,False,False,False,False,False,62
2021-03-04,3,False,False,False,False,False,63
2021-03-05,4,True,False,False,False,False,64
2021-03-06,5,True,False,False,False,False,65
2021-03-07,6,False,False,False,False,False,66
2021-03-08,0,False,False,False,False,False,67
2021-03-09,1,False,False,False,False,False,68
2021-03-10,2,False,False,False,False,False,69
2021-03-11,3,False,False,False,False,False,70
2021-03-12,4,True,False,False,False,False,71
2021-03-13,5,True,False,False,False,False,72
2021-03-14,6,False,False,False,False,False,73
2021-03-15,0,False,False,False,False,False,74
2021-03-16,1,False,False,False,False,False,75
2021-03-17,2,False,False,False,False,False,76
2021-03-18,3,False,False,False,False,False,77
2021-03-19,4,True,False,False,False,False,78
2021-03-20,5,True,False,False,False,False,79
2021-03-21,6,False,False,False,False,False,80
2021-03-22,0,False,False,False,False,False,81
2021-03-23,1,False,False,False,False,False,82
2021-03-24,2,False,False,False,False,False,83
2021-03-25,3,False,False,False,False,False,84
2021-03-26,4,True,False,False,False,False,85
2021-03-27,5,True,False,False,False,False,86
2021-03-28,6,False,False,False,False,False,87
2021-03-29,0,False,False,False,False,False,88
2021-03-30,1,False,False,False,False,False,89
2021-03-31,2,False,False,False,False,False,90
2021-04-01,3,False,False,False,False,False,91
2021-04-02,4,True,False,False,False,False,92
2021-04-03,5,True,False,False,False,False,93
2021-04-04,6,False,False,False,False,False,94
2021-04-05,0,False,False,False,False,False,95
2021-04-06,1,False,False,False,False,False,96
2021-04-07,2,False,False,False,False,False,97
2021-04-08,3,False,False,False,False,False,98
2021-04-09,4,True,False,False,False,False,99
2021-04-10,5,True,False,False,False,False,100
2021-04-11,6,False,False,False,False,False,101
2021-04-12,0,False,False,False,False,False,102
2021-04-13,1,False,True,False,False,False,103
2021-04-14,2,False,True,False,False,False,104
2021-04-15,3,False,True,False,False,False,105
2021-04-16,4,True,True,False,False,False,106
2021-04-17,5,True,True,False,False,False,107
2021-04-18,6,False,True,False,False,False,108
2021-04-19,0,False,True,False,False,False,109
2021-04-20,1,False,True,False,False,False,110
2021-04-21,2,False,True,False,False,False,111
2021-04-22,3,False,True,False,False,False,112
2021-04-23,4,True,True,False,False,False,113
2021-04-24,5,True,True,False,False,False,114
2021-04-25,6,False,True,False,False,False,115
2021-04-26,0,False,True,False,False,False,116
2021-04-27,1,False,True,False,False,False,117
2021-04-28,2,False,True,False,False,False,118
2021-04-29,3,False,True,False,False,False,119
2021-04-30,4,True,True,False,False,False,120
2021-05-01,5,True,True,False,False,False,121
2021-05-02,6,False,True,False,False,False,122
2021-05-03,0,False,True,False,False,False,123
2021-05-04,1,False,True,False,False,False,124
2021-05-05,2,False,True,False,False,False,125
2021-05-06,3,False,True,False,False,False,126
2021-05-07,4,True,True,False,False,False,127
2021-05-08,5,True,True,False,False,False,128
2021-05-09,6,False,True,False,False,False,129
2021-05-10,0,False,True,False,False,False,130
2021-05-11,1,False,True,False,False,False,131
2021-05-12,2,False,True,False,False,False,132
2021-05-13,3,False,False,True,False,False,133
2021-05-14,4,True,False,True,False,False,134
2021-05-15,5,True,False,True,False,False,135
2021-05-16,6,False,False,True,False,False,136
2021-05-17,0,False,False,False,False,False,137
2021-05-18,1,False,False,False,False,False,138
2021-05-19,2,False,False,False,False,False,139
2021-05-20,3,False,False,False,False,False,140
2021-05-21,4,True,False,False,False,False,141
2021-05-22,5,True,False,False,False,False,142
2021-05-23,6,False,False,False,False,False,143
2021-05-24,0,False,False,False,False,False,144
2021-05-25,1,False,False,False,False,False,145
2021-05-26,2,False,False,False,False,False,146
2021-05-27,3,False,False,False,False,False,147
2021-05-28,4,True,False,False,False,False,148
2021-05-29,5,True,False,False,False,False,149
2021-05-30,6,False,False,False,False,False,150
2021-05-31,0,False,False,False,False,False,151
2021-06-01,1,False,False,False,False,False,152
2021-06-02,2,False,False,False,False,False,153
2021-06-03,3,False,False,False,False,False,154
2021-06-04,4,True,False,False,False,False,155
2021-06-05,5,True,False,False,False,False,156
2021-06-06,6,False,False,False,False,False,157
2021-06-07,0,False,False,False,False,False,158
2021-06-08,1,False,False,False,False,False,159
2021-06-09,2,False,False,False,False,False,160
2021-06-10,3,False,False,False,False,False,161
2021-06-11,4,True,False,False,False,False,162
2021-06-12,5,True,False,False,False,False,163
2021-06-13,6,False,False,False,False,False,164
2021-06-14,0,False,False,False,False,False,165
2021-06-15,1,False,False,False,False,False,166
2021-06-16,2,False,False,False,False,False,167
2021-06-17,3,False,False,False,False,False,168
2021-06-18,4,True,False,False,False,False,169
2021-06-19,5,True,False,False,False,False,170
2021-06-20,6,False,False,False,False,False,171
2021-06-21,0,False,False,False,False,False,172
2021-06-22,1,False,False,False,False,False,173
2021-06-23,2,False,False,False,False,False,174
2021-06-24,3,False,False,False,False,False,175
2021-06-25,4,True,False,False,False,False,176
2021-06-26,5,True,False,False,False,False,177
2021-06-27,6,False,False,False,False,False,178
2021-06-28,0,False,False,False,False,False,179
2021-06-29,1,False,False,False,False,False,180
2021-06-30,2,False,False,False,False,False,181
2021-07-01,3,False,False,False,False,False,182
2021-07-02,4,True,False,False,False,False,183
2021-07-03,5,True,False,False,False,False,184
2021-07-04,6,False,False,False,False,False,185
2021-07-05,0,False,False,False,False,False,186
2021-07-06,1,False,False,False,False,False,187
2021-07-07,2,False,False,False,False,False,188
2021-07-08,3,False,False,False,False,False,189
2021-07-09,4,True,False,False,False,False,190
2021-07-10,5,True,False,False,False,False,191
2021-07-11,6,False,False,False,False,False,192
2021-07-12,0,False,False,False,False,False,193
2021-07-13,1,False,False,False,False,False,194
2021-07-14,2,False,False,False,False,False,195
2021-07-15,3,False,False,False,False,False,196
2021-07-16,4,True,False,False,False,False,197
2021-07-17,5,True,False,False,False,False,198
2021-07-18,6,False,False,False,False,False,199
2021-07-19,0,False,False,True,False,False,200
2021-07-20,1,False,False,True,False,False,201
2021-07-21,2,False,False,True,False,False,202
2021-07-22,3,False,False,True,False,False,203
2021-07-23,4,True,False,True,False,False,204
2021-07-24,5,True,False,False,False,False,205
2021-07-25,6,False,False,False,False,False,206
2021-07-26,0,False,False,False,False,False,207
2021-07-27,1,False,False,False,False,False,208
2021-07-28,2,False,False,False,False,False,209
2021-07-29,3,False,False,False,False,False,210
2021-07-30,4,True,False,False,False,False,211
2021-07-31,5,True,False,False,False,False,212
2021-08-01,6,False,False,False,False,False,213
2021-08-02,0,False,False,False,False,False,214
2021-08-03,1,False,False,False,False,False,215
2021-08-04,2,False,False,False,False,False,216
2021-08-05,3,False,False,False,False,False,217
2021-08-06,4,True,False,False,False,False,218
2021-08-07,5,True,False,False,False,False,219
2021-08-08,6,False,False,False,False,False,220
2021-08-09,0,False,False,False,False,False,221
2021-08-10,1,False,False,False,False,False,222
2021-08-11,2,False,False,False,False,False,223
2021-08-12,3,False,False,False,False,False,224
2021-08-13,4,True,False,False,False,False,225
2021-08-14,5,True,False,False,False,False,226
2021-08-15,6,False,False,False,False,False,227
2021-08-16,0,False,False,False,False,False,228
2021-08-17,1,False,False,False,False,False,229
2021-08-18,2,False,False,False,False,False,230
2021-08-19,3,False,False,False,False,False,231
2021-08-20,4,True,False,False,False,False,232
2021-08-21,5,True,False,False,False,False,233
2021-08-22,6,False,False,False,False,False,234
2021-08-23,0,False,False,False,False,False,235
2021-08-24,1,False,False,False,False,False,236
2021-08-25,2,False,False,False,False,False,237
2021-08-26,3,False,False,False,False,False,238
2021-08-27,4,True,False,False,False,False,239
2021-08-28,5,True,False,False,False,False,240
2021-08-29,6,False,False,False,False,False,241
2021-08-30,0,False,False,False,False,False,242
2021-08-31,1,False,False,False,False,False,243
2021-09-01,2,False,False,False,False,False,244
2021-09-02,3,False,False,False,False,False,245
2021-09-03,4,True,False,False,False,False,246
2021-09-04,5,True,False,False,False,False,247
2021-09-05,6,False,False,False,False,False,248
2021-09-06,0,False,False,False,False,False,249
2021-09-07,1,False,False,False,False,False,250
2021-09-08,2,False,False,False,False,False,251
2021-09-09,3,False,False,False,False,False,252
2021-09-10,4,True,False,False,False,False,253
2021-09-11,5,True,False,False,False,False,254
2021-09-12,6,False,False,False,False,False,255
2021-09-13,0,False,False,False,False,False,256
2021-09-14,1,False,False,False,False,False,257
2021-09-15,2,False,False,False,False,False,258
2021-09-16,3,False,False,False,False,False,259
2021-09-17,4,True,False,False,False,False,260
2021-09-18,5,True,False,False,False,False,261
2021-09-19,6,False,False,False,False,False,262
2021-09-20,0,False,False,False,False,False,263
2021-09-21,1,False,False,False,False,False,264
2021-09-22,2,False,False,False,False,False,265
2021-09-23,3,False,False,False,True,False,266
2021-09-24,4,True,False,False,False,False,267
2021-09-25,5,True,False,False,False,False,268
2021-09-26,6,False,False,False,False,False,269
2021-09-27,0,False,False,False,False,False,270
2021-09-28,1,False,False,False,False,False,271
2021-09-29,2,False,False,False,False,False,272
2021-09-30,3,False,False,False,False,False,273
2021-10-01,4,True,False,False,False,False,274
2021-10-02,5,True,False,False,False,False,275
2021-10-03,6,False,False,False,False,False,276
2021-10-04,0,False,False,False,False,False,277
2021-10-05,1,False,False,False,False,False,278
2021-10-06,2,False,False,False,False,False,279
2021-10-07,3,False,False,False,False,False,280
2021-10-08,4,True,False,False,False,False,281
2021-10-09,5,True,False,False,False,False,282
2021-10-10,6,False,False,False,False,False,283
2021-10-11,0,False,False,False,False,False,284
2021-10-12,1,False,False,False,False,False,285
2021-10-13,2,False,False,False,False,False,286
2021-10-14,3,False,False,False,False,False,287
2021-10-15,4,True,False,False,False,False,288
2021-10-16,5,True,False,False,False,False,289
2021-10-17,6,False,False,False,False,False,290
2021-10-18,0,False,False,False,False,False,291
2021-10-19,1,False,False,False,False,False,292
2021-10-20,2,False,False,False,False,False,293
2021-10-21,3,False,False,False,False,False,294
2021-10-22,4,True,False,False,False,False,295
2021-10-23,5,True,False,False,False,False,296
2021-10-24,6,False,False,False,False,False,297
2021-10-25,0,False,False,False,False,False,298
2021-10-26,1,False,False,False,False,False,299
2021-10-27,2,False,False,False,False,False,300
2021-10-28,3,False,False,False,False,False,301
2021-10-29,4,True,False,False,False,False,302
2021-10-30,5,True,False,False,False,False,303
2021-10-31,6,False,False,False,False,False,304
2021-11-01,0,False,False,False,False,False,305
2021-11-02,1,False,False,False,False,False,306
2021-11-03,2,False,False,False,False,False,307
2021-11-04,3,False,False,False,False,False,308
2021-11-05,4,True,False,False,False,False,309
2021-11-06,5,True,False,False,False,False,310
2021-11-07,6,False,False,False,False,False,311
2021-11-08,0,False,False,False,False,False,312
2021-11-09,1,False,False,False,False,False,313
2021-11-10,2,False,False,False,False,False,314
2021-11-11,3,False,False,False,False,False,315
2021-11-12,4,True,False,False,False,False,316
2021-11-13,5,True,False,False,False,False,317
2021-11-14,6,False,False,False,False,False,318
2021-11-15,0,False,False,False,False,False,319
2021-11-16,1,False,False,False,False,False,320
2021-11-17,2,False,False,False,False,False,321
2021-11-18,3,False,False,False,False,False,322
2021-11-19,4,True,False,False,False,False,323
2021-11-20,5,True,False,False,False,False,324
2021-11-21,6,False,False,False,False,False,325
2021-11-22,0,False,False,False,False,False,326
2021-11-23,1,False,False,False,False,False,327
2021-11-24,2,False,False,False,False,False,328
2021-11-25,3,False,False,False,False,False,329
2021-11-26,4,True,False,False,False,False,330
2021-11-27,5,True,False,False,False,False,331
2021-11-28,6,False,False,False,False,False,332
2021-11-29,0,False,False,False,False,False,333
2021-11-30,1,False,False,False,False,False,334
2021-12-01,2,False,False,False,False,False,335
2021-12-02,3,False,False,False,False,False,336
2021-12-03,4,True,False,False,False,False,337
2021-12-04,5,True,False,False,False,False,338
2021-12-05,6,False,False,False,False,False,339
2021-12-06,0,False,False,False,False,False,340
2021-12-07,1,False,False,False,False,False,341
2021-12-08,2,False,False,False,False,False,342
2021-12-09,3,False,False,False,False,False,343
2021-12-10,4,True,False,False,False,False,344
2021-12-11,5,True,False,False,False,False,345
2021-12-12,6,False,False,False,False,False,346
2021-12-13,0,False,False,False,False,False,347
2021-12-14,1,False,False,False,False,False,348
2021-12-15,2,False,False,False,False,False,349
2021-12-16,3,False,False,False,False,False,350
2021-12-17,4,True,False,False,False,False,351
2021-12-18,5,True,False,False,False,False,352
2021-12-19,6,False,False,False,False,False,353
2021-12-20,0,False,False,False,False,False,354
2021-12-21,1,False,False,False,False,False,355
2021-12-22,2,False,False,False,False,False,356
2021-12-23,3,False,False,False,False,False,357
2021-12-24,4,True,False,False,False,False,358
2021-12-25,5,True,False,False,False,False,359
2021-12-26,6,False,False,False,False,False,360
2021-12-27,0,False,False,False,False,False,361
2021-12-28,1,False,False,False,False,False,362
2021-12-29,2,False,False,False,False,False,363
2021-12-30,3,False,False,False,False,False,364
2021-12-31,4,True,False,False,False,False,365
2022-01-01,5,True,False,False,False,False,1
2022-01-02,6,False,False,False,False,False,2
2022-01-03,0,False,False,False,False,False,3
2022-01-04,1,False,False,False,False,False,4
2022-01-05,2,False,False,False,False,False,5
2022-01-06,3,False,False,False,False,False,6
2022-01-07,4,True,False,False,False,False,7
2022-01-08,5,True,False,False,False,False,8
2022-01-09,6,False,False,False,False,False,9
2022-01-10,0,False,False,False,False,False,10
2022-01-11,1,False,False,False,False,False,11
2022-01-12,2,False,False,False,False,False,12
2022-01-13,3,False,False,False,False,False,13
2022-01-14,4,True,False,False,False,False,14
2022-01-15,5,True,False,False,False,False,15
2022-01-16,6,False,False,False,False,False,16
2022-01-17,0,False,False,False,False,False,17
2022-01-18,1,False,False,False,False,False,18
2022-01-19,2,False,False,False,False,False,19
2022-01-20,3,False,False,False,False,False,20
2022-01-21,4,True,False,False,False,False,21
2022-01-22,5,True,False,False,False,False,22
2022-01-23,6,False,False,False,False,False,23
2022-01-24,0,False,False,False,False,False,24
2022-01-25,1,False,False,False,False,False,25
2022-01-26,2,False,False,False,False,False,26
2022-01-27,3,False,False,False,False,False,27
2022-01-28,4,True,False,False,False,False,28
2022-01-29,5,True,False,False,False,False,29
2022-01-30,6,False,False,False,False,False,30
2022-01-31,0,False,False,False,False,False,31
2022-02-01,1,False,False,False,False,False,32
2022-02-02,2,False,False,False,False,False,33
2022-02-03,3,False,False,False,False,False,34
2022-02-04,4,True,False,False,False,False,35
2022-02-05,5,True,False,False,False,False,36
2022-02-06,6,False,False,False,False,False,37
2022-02-07,0,False,False,False,False,False,38
2022-02-08,1,False,False,False,False,False,39
2022-02-09,2,False,False,False,False,False,40
2022-02-10,3,False,False,False,False,False,41
2022-02-11,4,True,False,False,False,False,42
2022-02-12,5,True,False,False,False,False,43
2022-02-13,6,False,False,False,False,False,44
2022-02-14,0,False,False,False,False,False,45
2022-02-15,1,False,False,False,False,False,46
2022-02-16,2,False,False,False,False,False,47
2022-02-17,3,False,False,False,False,False,48
2022-02-18,4,True,False,False,False,False,49
2022-02-19,5,True,False,False,False,False,50
2022-02-20,6,False,False,False,False,False,51
2022-02-21,0,False,False,False,False,False,52
2022-02-22,1,False,False,False,False,True,53
2022-02-23,2,False,False,False,False,False,54
2022-02-24,3,False,False,False,False,False,55
2022-02-25,4,True,False,False,False,False,56
2022-02-26,5,True,False,False,False,False,57
2022-02-27,6,False,False,False,False,False,58
2022-02-28,0,False,False,False,False,False,59
2022-03-01,1,False,False,False,False,False,60
2022-03-02,2,False,False,False,False,False,61
2022-03-03,3,False,False,False,False,False,62
2022-03-04,4,True,False,False,False,False,63
2022-03-05,5,True,False,False,False,False,64
2022-03-06,6,False,False,False,False,False,65
2022-03-07,0,False,False,False,False,False,66
2022-03-08,1,False,False,False,False,False,67
2022-03-09,2,False,False,False,False,False,68
2022-03-10,3,False,False,False,False,False,69
2022-03-11,4,True,False,False,False,False,70
2022-03-12,5,True,False,False,False,False,71
2022-03-13,6,False,False,False,False,False,72
2022-03-14,0,False,False,False,False,False,73
2022-03-15,1,False,False,False,False,False,74
2022-03-16,2,False,False,False,False,False,75
2022-03-17,3,False,False,False,False,False,76
2022-03-18,4,True,False,False,False,False,77
2022-03-19,5,True,False,False,False,False,78
2022-03-20,6,False,False,False,False,False,79
2022-03-21,0,False,False,False,False,False,80
2022-03-22,1,False,False,False,False,False,81
2022-03-23,2,False,False,False,False,False,82
2022-03-24,3,False,False,False,False,False,83
2022-03-25,4,True,False,False,False,False,84
2022-03-26,5,True,False,False,False,False,85
2022-03-27,6,False,False,False,False,False,86
2022-03-28,0,False,False,False,False,False,87
2022-03-29,1,False,False,False,False,False,88
2022-03-30,2,False,False,False,False,False,89
2022-03-31,3,False,False,False,False,False,90
2022-04-01,4,True,False,False,False,False,91
2022-04-02,5,True,True,False,False,False,92
2022-04-03,6,False,True,False,False,False,93
2022-04-04,0,False,True,False,False,False,94
2022-04-05,1,False,True,False,False,False,95
2022-04-06,2,False,True,False,False,False,96
2022-04-07,3,False,True,False,False,False,97
2022-04-08,4,True,True,False,False,False,98
2022-04-09,5,True,True,False,False,False,99
2022-04-10,6,False,True,False,False,False,100
2022-04-11,0,False,True,False,False,False,101
2022-04-12,1,False,True,False,False,False,102
2022-04-13,2,False,True,False,False,False,103
2022-04-14,3,False,True,False,False,False,104
2022-04-15,4,True,True,False,False,False,105
2022-04-16,5,True,True,False,False,False,106
2022-04-17,6,False,True,False,False,False,107
2022-04-18,0,False,True,False,False,False,108
2022-04-19,1,False,True,False,False,False,109
2022-04-20,2,False,True,False,False,False,110
2022-04-21,3,False,True,False,False,False,111
2022-04-22,4,True,True,False,False,False,112
2022-04-23,5,True,True,False,False,False,113
2022-04-24,6,False,True,False,False,False,114
2022-04-25,0,False,True,False,False,False,115
2022-04-26,1,False,True,False,False,False,116
2022-04-27,2,False,True,False,False,False,117
2022-04-28,3,False,True,False,False,False,118
2022-04-29,4,True,True,False,False,False,119
2022-04-30,5,True,True,False,False,False,120
2022-05-01,6,False,True,False,False,False,121
2022-05-02,0,False,False,True,False,False,122
2022-05-03,1,False,False,True,False,False,123
2022-05-04,2,False,False,True,False,False,124
2022-05-05,3,False,False,True,False,False,125
2022-05-06,4,True,False,False,False,False,126
2022-05-07,5,True,False,False,False,False,127
2022-05-08,6,False,False,False,False,False,128
2022-05-09,0,False,False,False,False,False,129
2022-05-10,1,False,False,False,False,False,130
2022-05-11,2,False,False,False,False,False,131
2022-05-12,3,False,False,False,False,False,132
2022-05-13,4,True,False,False,False,False,133
2022-05-14,5,True,False,False,False,False,134
2022-05-15,6,False,False,False,False,False,135
2022-05-16,0,False,False,False,False,False,136
2022-05-17,1,False,False,False,False,False,137
2022-05-18,2,False,False,False,False,False,138
2022-05-19,3,False,False,False,False,False,139
2022-05-20,4,True,False,False,False,False,140
2022-05-21,5,True,False,False,False,False,141
2022-05-22,6,False,False,False,False,False,142
2022-05-23,0,False,False,False,False,False,143
2022-05-24,1,False,False,False,False,False,144
2022-05-25,2,False,False,False,False,False,145
2022-05-26,3,False,False,False,False,False,146
2022-05-27,4,True,False,False,False,False,147
2022-05-28,5,True,False,False,False,False,148
2022-05-29,6,False,False,False,False,False,149
2022-05-30,0,False,False,False,False,False,150
2022-05-31,1,False,False,False,False,False,151
2022-06-01,2,False,False,False,False,False,152
2022-06-02,3,False,False,False,False,False,153
2022-06-03,4,True,False,False,False,False,154
2022-06-04,5,True,False,False,False,False,155
2022-06-05,6,False,False,False,False,False,156
2022-06-06,0,False,False,False,False,False,157
2022-06-07,1,False,False,False,False,False,158
2022-06-08,2,False,False,False,False,False,159
2022-06-09,3,False,False,False,False,False,160
2022-06-10,4,True,False,False,False,False,161
2022-06-11,5,True,False,False,False,False,162
2022-06-12,6,False,False,False,False,False,163
2022-06-13,0,False,False,False,False,False,164
2022-06-14,1,False,False,False,False,False,165
2022-06-15,2,False,False,False,False,False,166
2022-06-16,3,False,False,False,False,False,167
2022-06-17,4,True,False,False,False,False,168
2022-06-18,5,True,False,False,False,False,169
2022-06-19,6,False,False,False,False,False,170
2022-06-20,0,False,False,False,False,False,171
2022-06-21,1,False,False,False,False,False,172
2022-06-22,2,False,False,False,False,False,173
2022-06-23,3,False,False,False,False,False,174
2022-06-24,4,True,False,False,False,False,175
2022-06-25,5,True,False,False,False,False,176
2022-06-26,6,False,False,False,False,False,177
2022-06-27,0,False,False,False,False,False,178
2022-06-28,1,False,False,False,False,False,179
2022-06-29,2,False,False,False,False,False,180
2022-06-30,3,False,False,False,False,False,181
2022-07-01,4,True,False,False,False,False,182
2022-07-02,5,True,False,False,False,False,183
2022-07-03,6,False,False,False,False,False,184
2022-07-04,0,False,False,False,False,False,185
2022-07-05,1,False,False,False,False,False,186
2022-07-06,2,False,False,False,False,False,187
2022-07-07,3,False,False,False,False,False,188
2022-07-08,4,True,False,False,False,False,189
2022-07-09,5,True,False,True,False,False,190
2022-07-10,6,False,False,True,False,False,191
2022-07-11,0,False,False,True,False,False,192
2022-07-12,1,False,False,True,False,False,193
2022-07-13,2,False,False,True,False,False,194
2022-07-14,3,False,False,False,False,False,195
2022-07-15,4,True,False,False,False,False,196
2022-07-16,5,True,False,False,False,False,197
2022-07-17,6,False,False,False,False,False,198
2022-07-18,0,False,False,False,False,False,199
2022-07-19,1,False,False,False,False,False,200
2022-07-20,2,False,False,False,False,False,201
2022-07-21,3,False,False,False,False,False,202
2022-07-22,4,True,False,False,False,False,203
2022-07-23,5,True,False,False,False,False,204
2022-07-24,6,False,False,False,False,False,205
2022-07-25,0,False,False,False,False,False,206
2022-07-26,1,False,False,False,False,False,207
2022-07-27,2,False,False,False,False,False,208
2022-07-28,3,False,False,False,False,False,209
2022-07-29,4,True,False,False,False,False,210
2022-07-30,5,True,False,False,False,False,211
2022-07-31,6,False,False,False,False,False,212
2022-08-01,0,False,False,False,False,False,213
2022-08-02,1,False,False,False,False,False,214
2022-08-03,2,False,False,False,False,False,215
2022-08-04,3,False,False,False,False,False,216
2022-08-05,4,True,False,False,False,False,217
2022-08-06,5,True,False,False,False,False,218
2022-08-07,6,False,False,False,False,False,219
2022-08-08,0,False,False,False,False,False,220
2022-08-09,1,False,False,False,False,False,221
2022-08-10,2,False,False,False,False,False,222
2022-08-11,3,False,False,False,False,False,223
2022-08-12,4,True,False,False,False,False,224
2022-08-13,5,True,False,False,False,False,225
2022-08-14,6,False,False,False,False,False,226
2022-08-15,0,False,False,False,False,False,227
2022-08-16,1,False,False,False,False,False,228
2022-08-17,2,False,False,False,False,False,229
2022-08-18,3,False,False,False,False,False,230
2022-08-19,4,True,False,False,False,False,231
2022-08-20,5,True,False,False,False,False,232
2022-08-21,6,False,False,False,False,False,233
2022-08-22,0,False,False,False,False,False,234
2022-08-23,1,False,False,False,False,False,235
2022-08-24,2,False,False,False,False,False,236
2022-08-25,3,False,False,False,False,False,237
2022-08-26,4,True,False,False,False,False,238
2022-08-27,5,True,False,False,False,False,239
2022-08-28,6,False,False,False,False,False,240
2022-08-29,0,False,False,False,False,False,241
2022-08-30,1,False,False,False,False,False,242
2022-08-31,2,False,False,False,False,False,243
2022-09-01,3,False,False,False,False,False,244
2022-09-02,4,True,False,False,False,False,245
2022-09-03,5,True,False,False,False,False,246
2022-09-04,6,False,False,False,False,False,247
2022-09-05,0,False,False,False,False,False,248
2022-09-06,1,False,False,False,False,False,249
2022-09-07,2,False,False,False,False,False,250
2022-09-08,3,False,False,False,False,False,251
2022-09-09,4,True,False,False,False,False,252
2022-09-10,5,True,False,False,False,False,253
2022-09-11,6,False,False,False,False,False,254
2022-09-12,0,False,False,False,False,False,255
2022-09-13,1,False,False,False,False,False,256
2022-09-14,2,False,False,False,False,False,257
2022-09-15,3,False,False,False,False,False,258
2022-09-16,4,True,False,False,False,False,259
2022-09-17,5,True,False,False,False,False,260
2022-09-18,6,False,False,False,False,False,261
2022-09-19,0,False,False,False,False,False,262
2022-09-20,1,False,False,False,False,False,263
2022-09-21,2,False,False,False,False,False,264
2022-09-22,3,False,False,False,False,False,265
2022-09-23,4,True,False,False,True,False,266
2022-09-24,5,True,False,False,False,False,267
2022-09-25,6,False,False,False,False,False,268
2022-09-26,0,False,False,False,False,False,269
2022-09-27,1,False,False,False,False,False,270
2022-09-28,2,False,False,False,False,False,271
2022-09-29,3,False,False,False,False,False,272
2022-09-30,4,True,False,False,False,False,273
2022-10-01,5,True,False,False,False,False,274
2022-10-02,6,False,False,False,False,False,275
2022-10-03,0,False,False,False,False,False,276
2022-10-04,1,False,False,False,False,False,277
2022-10-05,2,False,False,False,False,False,278
2022-10-06,3,False,False,False,False,False,279
2022-10-07,4,True,False,False,False,False,280
2022-10-08,5,True,False,False,False,False,281
2022-10-09,6,False,False,False,False,False,282
2022-10-10,0,False,False,False,False,False,283
2022-10-11,1,False,False,False,False,False,284
2022-10-12,2,False,False,False,False,False,285
2022-10-13,3,False,False,False,False,False,286
2022-10-14,4,True,False,False,False,False,287
2022-10-15,5,True,False,False,False,False,288
2022-10-16,6,False,False,False,False,False,289
2022-10-17,0,False,False,False,False,False,290
2022-10-18,1,False,False,False,False,False,291
2022-10-19,2,False,False,False,False,False,292
2022-10-20,3,False,False,False,False,False,293
2022-10-21,4,True,False,False,False,False,294
2022-10-22,5,True,False,False,False,False,295
2022-10-23,6,False,False,False,False,False,296
2022-10-24,0,False,False,False,False,False,297
2022-10-25,1,False,False,False,False,False,298
2022-10-26,2,False,False,False,False,False,299
2022-10-27,3,False,False,False,False,False,300
2022-10-28,4,True,False,False,False,False,301
2022-10-29,5,True,False,False,False,False,302
2022-10-30,6,False,False,False,False,False,303
2022-10-31,0,False,False,False,False,False,304
2022-11-01,1,False,False,False,False,False,305
2022-11-02,2,False,False,False,False,False,306
2022-11-03,3,False,False,False,False,False,307
2022-11-04,4,True,False,False,False,False,308
2022-11-05,5,True,False,False,False,False,309
2022-11-06,6,False,False,False,False,False,310
2022-11-07,0,False,False,False,False,False,311
2022-11-08,1,False,False,False,False,False,312
2022-11-09,2,False,False,False,False,False,313
2022-11-10,3,False,False,False,False,False,314
2022-11-11,4,True,False,False,False,False,315
2022-11-12,5,True,False,False,False,False,316
2022-11-13,6,False,False,False,False,False,317
2022-11-14,0,False,False,False,False,False,318
2022-11-15,1,False,False,False,False,False,319
2022-11-16,2,False,False,False,False,False,320
2022-11-17,3,False,False,False,False,False,321
2022-11-18,4,True,False,False,False,False,322
2022-11-19,5,True,False,False,False,False,323
2022-11-20,6,False,False,False,False,False,324
2022-11-21,0,False,False,False,False,False,325
2022-11-22,1,False,False,False,False,False,326
2022-11-23,2,False,False,False,False,False,327
2022-11-24,3,False,False,False,False,False,328
2022-11-25,4,True,False,False,False,False,329
2022-11-26,5,True,False,False,False,False,330
2022-11-27,6,False,False,False,False,False,331
2022-11-28,0,False,False,False,False,False,332
2022-11-29,1,False,False,False,False,False,333
2022-11-30,2,False,False,False,False,False,334
2022-12-01,3,False,False,False,False,False,335
2022-12-02,4,True,False,False,False,False,336
2022-12-03,5,True,False,False,False,False,337
2022-12-04,6,False,False,False,False,False,338
2022-12-05,0,False,False,False,False,False,339
2022-12-06,1,False,False,False,False,False,340
2022-12-07,2,False,False,False,False,False,341
2022-12-08,3,False,False,False,False,False,342
2022-12-09,4,True,False,False,False,False,343
2022-12-10,5,True,False,False,False,False,344
2022-12-11,6,False,False,False,False,False,345
2022-12-12,0,False,False,False,False,False,346
2022-12-13,1,False,False,False,False,False,347
2022-12-14,2,False,False,False,False,False,348
2022-12-15,3,False,False,False,False,False,349
2022-12-16,4,True,False,False,False,False,350
2022-12-17,5,True,False,False,False,False,351
2022-12-18,6,False,False,False,False,False,352
2022-12-19,0,False,False,False,False,False,353
2022-12-20,1,False,False,False,False,False,354
2022-12-21,2,False,False,False,False,False,355
2022-12-22,3,False,False,False,False,False,356
2022-12-23,4,True,False,False,False,False,357
2022-12-24,5,True,False,False,False,False,358
2022-12-25,6,False,False,False,False,False,359
2022-12-26,0,False,False,False,False,False,360
2022-12-27,1,False,False,False,False,False,361
2022-12-28,2,False,False,False,False,False,362
2022-12-29,3,False,False,False,False,False,363
2022-12-30,4,True,False,False,False,False,364
2022-12-31,5,True,False,False,False,False,365
2023-01-01,6,False,False,False,False,False,1
2023-01-02,0,False,False,False,False,False,2
2023-01-03,1,False,False,False,False,False,3
2023-01-04,2,False,False,False,False,False,4
2023-01-05,3,False,False,False,False,False,5
2023-01-06,4,True,False,False,False,False,6
2023-01-07,5,True,False,False,False,False,7
2023-01-08,6,False,False,False,False,False,8
2023-01-09,0,False,False,False,False,False,9
2023-01-10,1,False,False,False,False,False,10
2023-01-11,2,False,False,False,False,False,11
2023-01-12,3,False,False,False,False,False,12
2023-01-13,4,True,False,False,False,False,13
2023-01-14,5,True,False,False,False,False,14
2023-01-15,6,False,False,False,False,False,15
2023-01-16,0,False,False,False,False,False,16
2023-01-17,1,False,False,False,False,False,17
2023-01-18,2,False,False,False,False,False,18
2023-01-19,3,False,False,False,False,False,19
2023-01-20,4,True,False,False,False,False,20
2023-01-21,5,True,False,False,False,False,21
2023-01-22,6,False,False,False,False,False,22
2023-01-23,0,False,False,False,False,False,23
2023-01-24,1,False,False,False,False,False,24
2023-01-25,2,False,False,False,False,False,25
2023-01-26,3,False,False,False,False,False,26
2023-01-27,4,True,False,False,False,False,27
2023-01-28,5,True,False,False,False,False,28
2023-01-29,6,False,False,False,False,False,29
2023-01-30,0,False,False,False,False,False,30
2023-01-31,1,False,False,False,False,False,31
2023-02-01,2,False,False,False,False,False,32
2023-02-02,3,False,False,False,False,False,33
2023-02-03,4,True,False,False,False,False,34
2023-02-04,5,True,False,False,False,False,35
2023-02-05,6,False,False,False,False,False,36
2023-02-06,0,False,False,False,False,False,37
2023-02-07,1,False,False,False,False,False,38
2023-02-08,2,False,False,False,False,False,39
2023-02-09,3,False,False,False,False,False,40
2023-02-10,4,True,False,False,False,False,41
2023-02-11,5,True,False,False,False,False,42
2023-02-12,6,False,False,False,False,False,43
2023-02-13,0,False,False,False,False,False,44
2023-02-14,1,False,False,False,False,False,45
2023-02-15,2,False,False,False,False,False,46
2023-02-16,3,False,False,False,False,False,47
2023-02-17,4,True,False,False,False,False,48
2023-02-18,5,True,False,False,False,False,49
2023-02-19,6,False,False,False,False,False,50
2023-02-20,0,False,False,False,False,False,51
2023-02-21,1,False,False,False,False,False,52
2023-02-22,2,False,False,False,False,True,53
2023-02-23,3,False,False,False,False,False,54
2023-02-24,4,True,False,False,False,False,55
2023-02-25,5,True,False,False,False,False,56
2023-02-26,6,False,False,False,False,False,57
2023-02-27,0,False,False,False,False,False,58
2023-02-28,1,False,False,False,False,False,59
2023-03-01,2,False,False,False,False,False,60
2023-03-02,3,False,False,False,False,False,61
2023-03-03,4,True,False,False,False,False,62
2023-03-04,5,True,False,False,False,False,63
2023-03-05,6,False,False,False,False,False,64
2023-03-06,0,False,False,False,False,False,65
2023-03-07,1,False,False,False,False,False,66
2023-03-08,2,False,False,False,False,False,67
2023-03-09,3,False,False,False,False,False,68
2023-03-10,4,True,False,False,False,False,69
2023-03-11,5,True,False,False,False,False,70
2023-03-12,6,False,False,False,False,False,71
2023-03-13,0,False,False,False,False,False,72
2023-03-14,1,False,False,False,False,False,73
2023-03-15,2,False,False,False,False,False,74
2023-03-16,3,False,False,False,False,False,75
2023-03-17,4,True,False,False,False,False,76
2023-03-18,5,True,False,False,False,False,77
2023-03-19,6,False,False,False,False,False,78
2023-03-20,0,False,False,False,False,False,79
2023-03-21,1,False,False,False,False,False,80
2023-03-22,2,False,False,False,False,False,81
2023-03-23,3,False,True,False,False,False,82
2023-03-24,4,True,True,False,False,False,83
2023-03-25,5,True,True,False,False,False,84
2023-03-26,6,False,True,False,False,False,85
2023-03-27,0,False,True,False,False,False,86
2023-03-28,1,False,True,False,False,False,87
2023-03-29,2,False,True,False,False,False,88
2023-03-30,3,False,True,False,False,False,89
2023-03-31,4,True,True,False,False,False,90
2023-04-01,5,True,True,False,False,False,91
2023-04-02,6,False,True,False,False,False,92
2023-04-03,0,False,True,False,False,False,93
2023-04-04,1,False,True,False,False,False,94
2023-04-05,2,False,True,False,False,False,95
2023-04-06,3,False,True,False,False,False,96
2023-04-07,4,True,True,False,False,False,97
2023-04-08,5,True,True,False,False,False,98
2023-04-09,6,False,True,False,False,False,99
2023-04-10,0,False,True,False,False,False,100
2023-04-11,1,False,True,False,False,False,101
2023-04-12,2,False,True,False,False,False,102
2023-04-13,3,False,True,False,False,False,103
2023-04-14,4,True,True,False,False,False,104
2023-04-15,5,True,True,False,False,False,105
2023-04-16,6,False,True,False,False,False,106
2023-04-17,0,False,True,False,False,False,107
2023-04-18,1,False,True,False,False,False,108
2023-04-19,2,False,True,False,False,False,109
2023-04-20,3,False,True,False,False,False,110
2023-04-21,4,True,False,True,False,False,111
2023-04-22,5,True,False,True,False,False,112
2023-04-23,6,False,False,True,False,False,113
2023-04-24,0,False,False,True,False,False,114
2023-04-25,1,False,False,False,False,False,115
2023-04-26,2,False,False,False,False,False,116
2023-04-27,3,False,False,False,False,False,117
2023-04-28,4,True,False,False,False,False,118
2023-04-29,5,True,False,False,False,False,119
2023-04-30,6,False,False,False,False,False,120
2023-05-01,0,False,False,False,False,False,121
2023-05-02,1,False,False,False,False,False,122
2023-05-03,2,False,False,False,False,False,123
2023-05-04,3,False,False,False,False,False,124
2023-05-05,4,True,False,False,False,False,125
2023-05-06,5,True,False,False,False,False,126
2023-05-07,6,False,False,False,False,False,127
2023-05-08,0,False,False,False,False,False,128
2023-05-09,1,False,False,False,False,False,129
2023-05-10,2,False,False,False,False,False,130
2023-05-11,3,False,False,False,False,False,131
2023-05-12,4,True,False,False,False,False,132
2023-05-13,5,True,False,False,False,False,133
2023-05-14,6,False,False,False,False,False,134
2023-05-15,0,False,False,False,False,False,135
2023-05-16,1,False,False,False,False,False,136
2023-05-17,2,False,False,False,False,False,137
2023-05-18,3,False,False,False,False,False,138
2023-05-19,4,True,False,False,False,False,139
2023-05-20,5,True,False,False,False,False,140
2023-05-21,6,False,False,False,False,False,141
2023-05-22,0,False,False,False,False,False,142
2023-05-23,1,False,False,False,False,False,143
2023-05-24,2,False,False,False,False,False,144
2023-05-25,3,False,False,False,False,False,145
2023-05-26,4,True,False,False,False,False,146
2023-05-27,5,True,False,False,False,False,147
2023-05-28,6,False,False,False,False,False,148
2023-05-29,0,False,False,False,False,False,149
2023-05-30,1,False,False,False,False,False,150
2023-05-31,2,False,False,False,False,False,151
2023-06-01,3,False,False,False,False,False,152
2023-06-02,4,True,False,False,False,False,153
2023-06-03,5,True,False,False,False,False,154
2023-06-04,6,False,False,False,False,False,155
2023-06-05,0,False,False,False,False,False,156
2023-06-06,1,False,False,False,False,False,157
2023-06-07,2,False,False,False,False,False,158
2023-06-08,3,False,False,False,False,False,159
2023-06-09,4,True,False,False,False,False,160
2023-06-10,5,True,False,False,False,False,161
2023-06-11,6,False,False,False,False,False,162
2023-06-12,0,False,False,False,False,False,163
2023-06-13,1,False,False,False,False,False,164
2023-06-14,2,False,False,False,False,False,165
2023-06-15,3,False,False,False,False,False,166
2023-06-16,4,True,False,False,False,False,167
2023-06-17,5,True,False,False,False,False,168
2023-06-18,6,False,False,False,False,False,169
2023-06-19,0,False,False,False,False,False,170
2023-06-20,1,False,False,False,False,False,171
2023-06-21,2,False,False,False,False,False,172
2023-06-22,3,False,False,False,False,False,173
2023-06-23,4,True,False,False,False,False,174
2023-06-24,5,True,False,False,False,False,175
2023-06-25,6,False,False,False,False,False,176
2023-06-26,0,False,False,False,False,False,177
2023-06-27,1,False,False,True,False,False,178
2023-06-28,2,False,False,True,False,False,179
2023-06-29,3,False,False,True,False,False,180
2023-06-30,4,True,False,True,False,False,181
2023-07-01,5,True,False,True,False,False,182
2023-07-02,6,False,False,False,False,False,183
2023-07-03,0,False,False,False,False,False,184
2023-07-04,1,False,False,False,False,False,185
2023-07-05,2,False,False,False,False,False,186
2023-07-06,3,False,False,False,False,False,187
2023-07-07,4,True,False,False,False,False,188
2023-07-08,5,True,False,False,False,False,189
2023-07-09,6,False,False,False,False,False,190
2023-07-10,0,False,False,False,False,False,191
2023-07-11,1,False,False,False,False,False,192
2023-07-12,2,False,False,False,False,False,193
2023-07-13,3,False,False,False,False,False,194
2023-07-14,4,True,False,False,False,False,195
2023-07-15,5,True,False,False,False,False,196
2023-07-16,6,False,False,False,False,False,197
2023-07-17,0,False,False,False,False,False,198
2023-07-18,1,False,False,False,False,False,199
2023-07-19,2,False,False,False,False,False,200
2023-07-20,3,False,False,False,False,False,201
2023-07-21,4,True,False,False,False,False,202
2023-07-22,5,True,False,False,False,False,203
2023-07-23,6,False,False,False,False,False,204
2023-07-24,0,False,False,False,False,False,205
2023-07-25,1,False,False,False,False,False,206
2023-07-26,2,False,False,False,False,False,207
2023-07-27,3,False,False,False,False,False,208
2023-07-28,4,True,False,False,False,False,209
2023-07-29,5,True,False,False,False,False,210
2023-07-30,6,False,False,False,False,False,211
2023-07-31,0,False,False,False,False,False,212
2023-08-01,1,False,False,False,False,False,213
2023-08-02,2,False,False,False,False,False,214
2023-08-03,3,False,False,False,False,False,215
2023-08-04,4,True,False,False,False,False,216
2023-08-05,5,True,False,False,False,False,217
2023-08-06,6,False,False,False,False,False,218
2023-08-07,0,False,False,False,False,False,219
2023-08-08,1,False,False,False,False,False,220
2023-08-09,2,False,False,False,False,False,221
2023-08-10,3,False,False,False,False,False,222
2023-08-11,4,True,False,False,False,False,223
2023-08-12,5,True,False,False,False,False,224
2023-08-13,6,False,False,False,False,False,225
2023-08-14,0,False,False,False,False,False,226
2023-08-15,1,False,False,False,False,False,227
2023-08-16,2,False,False,False,False,False,228
2023-08-17,3,False,False,False,False,False,229
2023-08-18,4,True,False,False,False,False,230
2023-08-19,5,True,False,False,False,False,231
2023-08-20,6,False,False,False,False,False,232
2023-08-21,0,False,False,False,False,False,233
2023-08-22,1,False,False,False,False,False,234
2023-08-23,2,False,False,False,False,False,235
2023-08-24,3,False,False,False,False,False,236
2023-08-25,4,True,False,False,False,False,237
2023-08-26,5,True,False,False,False,False,238
2023-08-27,6,False,False,False,False,False,239
2023-08-28,0,False,False,False,False,False,240
2023-08-29,1,False,False,False,False,False,241
2023-08-30,2,False,False,False,False,False,242
2023-08-31,3,False,False,False,False,False,243
2023-09-01,4,True,False,False,False,False,244
2023-09-02,5,True,False,False,False,False,245
2023-09-03,6,False,False,False,False,False,246
2023-09-04,0,False,False,False,False,False,247
2023-09-05,1,False,False,False,False,False,248
2023-09-06,2,False,False,False,False,False,249
2023-09-07,3,False,False,False,False,False,250
2023-09-08,4,True,False,False,False,False,251
2023-09-09,5,True,False,False,False,False,252
2023-09-10,6,False,False,False,False,False,253
2023-09-11,0,False,False,False,False,False,254
2023-09-12,1,False,False,False,False,False,255
2023-09-13,2,False,False,False,False,False,256
2023-09-14,3,False,False,False,False,False,257
2023-09-15,4,True,False,False,False,False,258
2023-09-16,5,True,False,False,False,False,259
2023-09-17,6,False,False,False,False,False,260
2023-09-18,0,False,False,False,False,False,261
2023-09-19,1,False,False,False,False,False,262
2023-09-20,2,False,False,False,False,False,263
2023-09-21,3,False,False,False,False,False,264
2023-09-22,4,True,False,False,False,False,265
2023-09-23,5,True,False,False,True,False,266
2023-09-24,6,False,False,False,False,False,267
2023-09-25,0,False,False,False,False,False,268
2023-09-26,1,False,False,False,False,False,269
2023-09-27,2,False,False,False,False,False,270
2023-09-28,3,False,False,False,False,False,271
2023-09-29,4,True,False,False,False,False,272
2023-09-30,5,True,False,False,False,False,273
2023-10-01,6,False,False,False,False,False,274
2023-10-02,0,False,False,False,False,False,275
2023-10-03,1,False,False,False,False,False,276
2023-10-04,2,False,False,False,False,False,277
2023-10-05,3,False,False,False,False,False,278
2023-10-06,4,True,False,False,False,False,279
2023-10-07,5,True,False,False,False,False,280
2023-10-08,6,False,False,False,False,False,281
2023-10-09,0,False,False,False,False,False,282
2023-10-10,1,False,False,False,False,False,283
2023-10-11,2,False,False,False,False,False,284
2023-10-12,3,False,False,False,False,False,285
2023-10-13,4,True,False,False,False,False,286
2023-10-14,5,True,False,False,False,False,287
2023-10-15,6,False,False,False,False,False,288
2023-10-16,0,False,False,False,False,False,289
2023-10-17,1,False,False,False,False,False,290
2023-10-18,2,False,False,False,False,False,291
2023-10-19,3,False,False,False,False,False,292
2023-10-20,4,True,False,False,False,False,293
2023-10-21,5,True,False,False,False,False,294
2023-10-22,6,False,False,False,False,False,295
2023-10-23,0,False,False,False,False,False,296
2023-10-24,1,False,False,False,False,False,297
2023-10-25,2,False,False,False,False,False,298
2023-10-26,3,False,False,False,False,False,299
2023-10-27,4,True,False,False,False,False,300
2023-10-28,5,True,False,False,False,False,301
2023-10-29,6,False,False,False,False,False,302
2023-10-30,0,False,False,False,False,False,303
2023-10-31,1,False,False,False,False,False,304
2023-11-01,2,False,False,False,False,False,305
2023-11-02,3,False,False,False,False,False,306
2023-11-03,4,True,False,False,False,False,307
2023-11-04,5,True,False,False,False,False,308
2023-11-05,6,False,False,False,False,False,309
2023-11-06,0,False,False,False,False,False,310
2023-11-07,1,False,False,False,False,False,311
2023-11-08,2,False,False,False,False,False,312
2023-11-09,3,False,False,False,False,False,313
2023-11-10,4,True,False,False,False,False,314
2023-11-11,5,True,False,False,False,False,315
2023-11-12,6,False,False,False,False,False,316
2023-11-13,0,False,False,False,False,False,317
2023-11-14,1,False,False,False,False,False,318
2023-11-15,2,False,False,False,False,False,319
2023-11-16,3,False,False,False,False,False,320
2023-11-17,4,True,False,False,False,False,321
2023-11-18,5,True,False,False,False,False,322
2023-11-19,6,False,False,False,False,False,323
2023-11-20,0,False,False,False,False,False,324
2023-11-21,1,False,False,False,False,False,325
2023-11-22,2,False,False,False,False,False,326
2023-11-23,3,False,False,False,False,False,327
2023-11-24,4,True,False,False,False,False,328
2023-11-25,5,True,False,False,False,False,329
2023-11-26,6,False,False,False,False,False,330
2023-11-27,0,False,False,False,False,False,331
2023-11-28,1,False,False,False,False,False,332
2023-11-29,2,False,False,False,False,False,333
2023-11-30,3,False,False,False,False,False,334
2023-12-01,4,True,False,False,False,False,335
2023-12-02,5,True,False,False,False,False,336
2023-12-03,6,False,False,False,False,False,337
2023-12-04,0,False,False,False,False,False,338
2023-12-05,1,False,False,False,False,False,339
2023-12-06,2,False,False,False,False,False,340
2023-12-07,3,False,False,False,False,False,341
2023-12-08,4,True,False,False,False,False,342
2023-12-09,5,True,False,False,False,False,343
2023-12-10,6,False,False,False,False,False,344
2023-12-11,0,False,False,False,False,False,345
2023-12-12,1,False,False,False,False,False,346
2023-12-13,2,False,False,False,False,False,347
2023-12-14,3,False,False,False,False,False,348
2023-12-15,4,True,False,False,False,False,349
2023-12-16,5,True,False,False,False,False,350
2023-12-17,6,False,False,False,False,False,351
2023-12-18,0,False,False,False,False,False,352
2023-12-19,1,False,False,False,False,False,353
2023-12-20,2,False,False,False,False,False,354
2023-12-21,3,False,False,False,False,False,355
2023-12-22,4,True,False,False,False,False,356
2023-12-23,5,True,False,False,False,False,357
2023-12-24,6,False,False,False,False,False,358
2023-12-25,0,False,False,False,False,False,359
2023-12-26,1,False,False,False,False,False,360
2023-12-27,2,False,False,False,False,False,361
2023-12-28,3,False,False,False,False,False,362
2023-12-29,4,True,False,False,False,False,363
2023-12-30,5,True,False,False,False,False,364
2023-12-31,6,False,False,False,False,False,365
