"Path","Bytes","SHA256"
"01_Training_Deck/SDA-FAE-100_Instructor_Training_Deck.pptx","675223","0a22072439e2177e2622318aa301b48d21cfd95d70629a6715b1f5b86dbe0f64"
"02_Instructor_Guide/SDA-FAE-100_Facilitator_Guide.docx","43521","7a21b77d0d86531af700fed7acb1ea99063dbef9e7e2260710020c31b335353d"
"03_Learner_Materials/SDA-FAE-100_Learner_Workbook.xlsx","16382","83e27412bd2fbea045d4e6e6b432a94bf284e88797207bcc7af443121d94983e"
"04_Labs_and_Activities/SDA-FAE-100_Lab_Activity_Guide.docx","41487","7e07badfeed1889b68020844d58e7386027faa4817014f6c913e09973d99d11a"
"04_Labs_and_Activities/SDA-FAE-100_Prompt_Library.md","1766","59eefa12a43c0c14e9b1c3e522188be120d60d12a73ebd89c9f2c185aaf78979"
"05_Data_Files/customer_feedback.csv","7299","241037c325b68353fc76bf09bc3480e035db7cd66b83e73ecba66e7f712e0b35"
"05_Data_Files/employee_survey.csv","6679","b9a7ad418410582e61ebbead3408deb3f1821fc4ae0b74f96b31d7d9a91b3e78"
"05_Data_Files/meeting_notes.docx","38475","7d31dcc2cd4b0411033d3a6e764940f79ff2751e4560ac099be2d41a3fb6a11b"
"05_Data_Files/policy_document.pdf","107590","782bbd796b889f5356d0f6259e5e115404a89e28602807a8c47e87be6d4de662"
"05_Data_Files/project_updates.docx","38950","2a723e4b3cdc40302053ba90ce0a1179c5576eb218ea85ae329c2ff2f71ad842"
"05_Data_Files/risk_cards.pptx","34432","29e5f6f52ec5a09ab380c5e74e0778de7462adde8b71c8d8935d3c67447cafc0"
"05_Data_Files/service_requests.xlsx","12273","2d4d16fcdd27ab46331a3138b9f3f93cd2b4d9d5f98fb75abb90f2696c8ca590"
"05_Data_Files/verification_answers.docx","38216","77c77d12623d51498a2e316d69362b42dbb390012644950d7bc9dee4f1bc1cfb"
"06_Assessment/SDA-FAE-100_Assessment_and_Answer_Key.docx","39225","656940c887305d4e5c88503618af46065805f1277c91910c39039253f99ba35e"
"07_Printables/SDA-FAE-100_Activity_Cards.pdf","160127","c55fd79fbe7739b88003af5b8788d20c2905e296f4985116a8448c6d33efb04e"
"INSTRUCTOR_PACKAGE.md","1283","48074f6030a92a7638862e736b5996e054fef2509bd206fa9db0383f45332dc4"
"README.md","985","ae2f79c030cea27c0b06429e04f2d8827e14f7fd67faa18c0b91d35ca3ea0631"
