relative_path,class,split,sha256,width,height,capture_id,notes
images/ajwa/ajwa_000001.jpg,ajwa,train,,128,128,ajwa-capture-001,Replace with course-owned image record
images/barhi/barhi_000001.jpg,barhi,train,,128,128,barhi-capture-001,Replace with course-owned image record
images/khalas/khalas_000001.jpg,khalas,train,,128,128,khalas-capture-001,Replace with course-owned image record
images/khudri/khudri_000001.jpg,khudri,train,,128,128,khudri-capture-001,Replace with course-owned image record
images/mabroom/mabroom_000001.jpg,mabroom,train,,128,128,mabroom-capture-001,Replace with course-owned image record
images/sagai/sagai_000001.jpg,sagai,train,,128,128,sagai-capture-001,Replace with course-owned image record
images/saqi/saqi_000001.jpg,saqi,train,,128,128,saqi-capture-001,Replace with course-owned image record
images/sufri/sufri_000001.jpg,sufri,train,,128,128,sufri-capture-001,Replace with course-owned image record
images/sukkari/sukkari_000001.jpg,sukkari,train,,128,128,sukkari-capture-001,Replace with course-owned image record
