dataset,folder,rows,columns,size_kb,purpose,used_in,supports
tayseer_services.csv,data/core,28080,12,2435.2,Golden-thread fact table: monthly service metrics at month x region x service_category x channel,"M1-M6, Labs 1-6, capstone","Cleaning, exploration, visualisation, KPI analysis, storytelling, decision"
tayseer_services_raw.csv,data/core,5886,14,701.8,Deliberately dirty 12-month extract of the same fact table,"Day 1 H1 dataset tour, pre-lab cleaning warm-up","Data cleaning, profiling, validation"
tayseer_transactions_sample.csv,data/core,20000,19,2718.5,"20,000 individual transactions for the last quarter","Lab 2 Q3 (distribution), M4 drill-down","Distributions, outliers, box plots, drill-down"
dim_regions.csv,data/dimensions,13,16,2.0,"13 administrative regions with population, readiness and tier",All modules; star schema in M4,"Per-capita analysis, joins, RTL labels"
dim_services.csv,data/dimensions,36,12,6.3,36 services mapped to the nine service categories,"M2, M4 drill path","Drill-down, semantic layer"
dim_channels.csv,data/dimensions,4,12,0.6,Four delivery channels with unit economics,M1-M4,"Channel mix, cost modelling"
dim_calendar.csv,data/dimensions,60,15,5.1,"60 months with Ramadan, Hajj and term flags","M2 trend work, M4 model","Seasonality, time intelligence"
csat_survey_responses.csv,data/supporting,4500,17,919.0,"4,500 survey responses with bilingual verbatims","M5 evidence scenes, M3 RTL","Qualitative evidence, sentiment, storytelling"
support_tickets.csv,data/supporting,6000,16,1007.8,"6,000 operational tickets with root causes","M4 drill, M5 complication scene","Root-cause analysis, insight generation"
branch_monthly.csv,data/supporting,2928,16,411.0,"Branch-level monthly visits, wait time and operating cost","M1 case study, M5 cost argument","Cost analysis, channel-shift evidence"
kpi_targets.csv,data/supporting,10,16,2.5,"Ten programme KPIs with formulas, thresholds and additivity flags","M4 dashboard, capstone","KPI analysis, measure definition, RAG thresholds"
regional_scorecard_latest.csv,data/supporting,13,19,2.1,"One row per region: latest values, slope, projection","M2 four-panel review, M4, M5","Ranking, small multiples, do-nothing projection"
investment_options.csv,data/supporting,3,18,1.4,Three SAR 40M options with economics and delivery risk,"M5 options scene, capstone","Evidence-based decision, options comparison"
investment_option_region_allocation.csv,data/supporting,39,12,4.1,Option x region allocation and projected adoption,Capstone appendix,"Allocation modelling, sensitivity"
region_directors.csv,data/supporting,13,12,3.1,13-row row-level-security lookup,M4 RLS demonstration,"Row-level security, governance"
dashboard_usability_tests.csv,data/instructional,144,12,16.7,144 timed task results: gauge wall vs redesign,"M4 benchmark, Lab 4b","Benchmarking, before/after evidence"
participants_roster.csv,data/instructional,24,13,2.7,24-participant cohort with prerequisites and tooling,"Course operations, Day 1","Cohort analysis, pairing, prerequisite checks"
rehearsal_scores.csv,data/instructional,288,10,14.1,288 rubric scores across two recorded rounds,"Lab 6, capstone scoring","Assessment analytics, round-to-round delta"
assessment_rubric.csv,data/instructional,11,10,2.1,11 weighted capstone criteria with level descriptors,Capstone scoring,"Assessment design, moderation"
encoding_accuracy_ranking.csv,data/instructional,7,8,1.1,Cleveland-McGill hierarchy with Tayseer examples,"M1, Lab 1 task 3","Encoding choice, critique justification"
chart_chooser.csv,data/instructional,8,8,1.5,Question type to chart lookup with escalation rules,"M2, Lab 2","Chart selection, anti-pattern avoidance"
lab2_questions.csv,data/instructional,5,7,1.5,The five Lab 2 analytical questions with expected charts,Lab 2,"Guided exploration, chart choice"
knowledge_check_bank.csv,data/instructional,30,7,4.3,30 mini-exercise items across the six modules,End of each module,Formative assessment
qa_bank.csv,data/instructional,12,7,3.1,12 committee questions with model answers and bridges,M6 hostile-committee simulation,"Q&A preparation, delivery"
brand_palette.csv,data/instructional,16,7,1.6,Mock national brand tokens with palette type and contrast,"M3, all chart work","Colour semantics, accessibility"
data_quality_issue_key.csv,docs,59,4,8.0,Instructor answer key for every defect injected into the raw extract,Instructor only,Cleaning-lab marking
regional_equity_latest.csv,data/supporting,13,28,2.8,"Case C per-capita equity table: raw volume, per-capita rate, index vs national and the two rankings","M2 case study, Lab 2 Q1, Case C","Normalisation, per-capita denominators, map honesty, ranking"
regional_equity_lorenz.csv,data/supporting,13,17,2.4,Lorenz-curve input: regions sorted by digital transactions per capita with cumulative shares and Gini,"Case C, M2 distribution work","Cumulative distributions, Lorenz curve, Gini coefficient"
kpi_spin_pairs.csv,data/instructional,13,15,10.2,"Thirteen KPI spin techniques, each with a reproducible spun and honest figure","Case B, M4 dashboard critique, M6 Q&A","KPI design, measure honesty, chart-lie detection"
success_dashboard_spec.csv,data/instructional,20,14,8.7,Tile-by-tile spec of a spun and an honest dashboard over identical data,"Case B, Lab 4a-4b","Dashboard design, annotation, RAG governance"
critique_canon.csv,data/instructional,10,12,19.0,"Ten canonical visualizations with encodings, documented flaws and critique questions",M1-M6 critique slots,"Critique vocabulary, design judgement, historical grounding"
